2026-09-30 11:20:06 INFO  org.testng.internal.Utils - [XmlSuite] [WARN] 'parallel' value 'false' is no longer valid, defaulting to 'none'.
2026-09-30 11:20:06 INFO  com.cura.listeners.TestListener - START: dataDrivenAppointmentTest
2026-09-30 11:20:06 INFO  com.cura.listeners.TestListener - START: dataDrivenAppointmentTest
2026-09-30 11:20:06 INFO  com.cura.listeners.TestListener - START: dataDrivenAppointmentTest
2026-09-30 11:20:06 INFO  com.cura.listeners.TestListener - START: parameterizedAppointmentTest
2026-09-30 11:20:49 INFO  org.testng.internal.Utils - [XmlSuite] [WARN] 'parallel' value 'false' is no longer valid, defaulting to 'none'.
2026-09-30 11:20:49 INFO  com.cura.listeners.TestListener - START: dataDrivenAppointmentTest
2026-09-30 11:20:49 INFO  com.cura.listeners.TestListener - START: dataDrivenAppointmentTest
2026-09-30 11:20:49 INFO  com.cura.listeners.TestListener - START: dataDrivenAppointmentTest
2026-09-30 11:20:50 INFO  com.cura.listeners.TestListener - START: parameterizedAppointmentTest
2026-09-30 11:25:52 INFO  i.g.bonigarcia.wdm.WebDriverManager - Using chromedriver 154.0.8037.92 (resolved driver for Chrome 154)
2026-09-30 11:25:52 INFO  i.g.bonigarcia.wdm.online.Downloader - Downloading https://storage.googleapis.com/chrome-for-testing-public/154.0.8037.92/win64/chromedriver-win64.zip
2026-09-30 11:25:56 INFO  i.g.bonigarcia.wdm.online.Downloader - Extracting driver from compressed file chromedriver-win64.zip
2026-09-30 11:25:56 INFO  i.g.bonigarcia.wdm.WebDriverManager - Exporting webdriver.chrome.driver as C:\Users\Helius\.cache\selenium\chromedriver\win64\154.0.8037.92\chromedriver.exe
2026-09-30 11:26:05 INFO  com.cura.listeners.TestListener - START: dataDrivenAppointmentTest
2026-09-30 11:26:21 INFO  i.g.bonigarcia.wdm.WebDriverManager - Using chromedriver 154.0.8037.92 (resolved driver for Chrome 154)
2026-09-30 11:26:21 INFO  i.g.bonigarcia.wdm.WebDriverManager - Exporting webdriver.chrome.driver as C:\Users\Helius\.cache\selenium\chromedriver\win64\154.0.8037.92\chromedriver.exe
2026-09-30 11:26:25 INFO  com.cura.listeners.TestListener - START: dataDrivenAppointmentTest
2026-09-30 11:26:41 ERROR com.cura.listeners.TestListener - FAIL: dataDrivenAppointmentTest
org.openqa.selenium.TimeoutException: Expected condition failed: waiting for element to be clickable: By.cssSelector: input[name='hospital_readmission'][value='No'] (tried for 15 second(s) with 500 milliseconds interval)
Build info: version: '4.25.0', revision: '8a8aea2337'
System info: os.name: 'Windows 11', os.arch: 'amd64', os.version: '10.0', java.version: '17.0.20.1'
Driver info: org.openqa.selenium.chrome.ChromeDriver
Capabilities {acceptInsecureCerts: false, browserName: chrome, browserVersion: 154.0.8037.59, chrome: {chromedriverVersion: 154.0.8037.92 (334b65d254cc..., userDataDir: C:\Users\Helius\AppData\Loc...}, fedcm:accounts: true, goog:chromeOptions: {debuggerAddress: localhost:52735}, goog:processID: 20596, networkConnectionEnabled: false, pageLoadStrategy: normal, platformName: windows, proxy: Proxy(), se:cdp: ws://localhost:52735/devtoo..., se:cdpVersion: 154.0.8037.59, setWindowRect: true, strictFileInteractability: false, timeouts: {implicit: 0, pageLoad: 300000, script: 30000}, unhandledPromptBehavior: dismiss and notify, webauthn:extension:cmtgKey: true, webauthn:extension:credBlob: true, webauthn:extension:largeBlob: true, webauthn:extension:minPinLength: true, webauthn:extension:prf: true, webauthn:virtualAuthenticators: true}
Session ID: 4d09861d3baa774555a769067e5fb6bb
	at org.openqa.selenium.support.ui.WebDriverWait.timeoutException(WebDriverWait.java:84)
	at org.openqa.selenium.support.ui.FluentWait.until(FluentWait.java:228)
	at com.cura.pages.BasePage.click(BasePage.java:19)
	at com.cura.pages.AppointmentPage.setReadmission(AppointmentPage.java:29)
	at com.cura.tests.CuraAppointmentTest.dataDrivenAppointmentTest(CuraAppointmentTest.java:58)
	at java.base/jdk.internal.reflect.NativeMethodAccessorImpl.invoke0(Native Method)
	at java.base/jdk.internal.reflect.NativeMethodAccessorImpl.invoke(NativeMethodAccessorImpl.java:77)
	at java.base/jdk.internal.reflect.DelegatingMethodAccessorImpl.invoke(DelegatingMethodAccessorImpl.java:43)
	at java.base/java.lang.reflect.Method.invoke(Method.java:569)
	at org.testng.internal.invokers.MethodInvocationHelper.invokeMethod(MethodInvocationHelper.java:141)
	at org.testng.internal.invokers.TestInvoker.invokeMethod(TestInvoker.java:686)
	at org.testng.internal.invokers.TestInvoker.retryFailed(TestInvoker.java:269)
	at org.testng.internal.invokers.MethodRunner.runInSequence(MethodRunner.java:76)
	at org.testng.internal.invokers.TestInvoker$MethodInvocationAgent.invoke(TestInvoker.java:992)
	at org.testng.internal.invokers.TestInvoker.invokeTestMethods(TestInvoker.java:203)
	at org.testng.internal.invokers.TestMethodWorker.invokeTestMethods(TestMethodWorker.java:154)
	at org.testng.internal.invokers.TestMethodWorker.run(TestMethodWorker.java:134)
	at java.base/java.util.ArrayList.forEach(ArrayList.java:1511)
	at org.testng.TestRunner.privateRun(TestRunner.java:739)
	at org.testng.TestRunner.run(TestRunner.java:614)
	at org.testng.SuiteRunner.runTest(SuiteRunner.java:421)
	at org.testng.SuiteRunner.runSequentially(SuiteRunner.java:413)
	at org.testng.SuiteRunner.privateRun(SuiteRunner.java:373)
	at org.testng.SuiteRunner.run(SuiteRunner.java:312)
	at org.testng.SuiteRunnerWorker.runSuite(SuiteRunnerWorker.java:52)
	at org.testng.SuiteRunnerWorker.run(SuiteRunnerWorker.java:95)
	at org.testng.TestNG.runSuitesSequentially(TestNG.java:1274)
	at org.testng.TestNG.runSuitesLocally(TestNG.java:1208)
	at org.testng.TestNG.runSuites(TestNG.java:1112)
	at org.testng.TestNG.run(TestNG.java:1079)
	at org.apache.maven.surefire.testng.TestNGExecutor.run(TestNGExecutor.java:308)
	at org.apache.maven.surefire.testng.TestNGXmlTestSuite.execute(TestNGXmlTestSuite.java:71)
	at org.apache.maven.surefire.testng.TestNGProvider.invoke(TestNGProvider.java:113)
	at org.apache.maven.surefire.booter.ForkedBooter.runSuitesInProcess(ForkedBooter.java:385)
	at org.apache.maven.surefire.booter.ForkedBooter.execute(ForkedBooter.java:162)
	at org.apache.maven.surefire.booter.ForkedBooter.run(ForkedBooter.java:507)
	at org.apache.maven.surefire.booter.ForkedBooter.main(ForkedBooter.java:495)
2026-09-30 11:26:41 ERROR io.qameta.allure.AllureLifecycle - Could not add attachment: no test is running
2026-09-30 11:26:41 ERROR io.qameta.allure.AllureLifecycle - Could not add attachment: no test is running
2026-09-30 11:26:42 INFO  i.g.bonigarcia.wdm.WebDriverManager - Using chromedriver 154.0.8037.92 (resolved driver for Chrome 154)
2026-09-30 11:26:42 INFO  i.g.bonigarcia.wdm.WebDriverManager - Exporting webdriver.chrome.driver as C:\Users\Helius\.cache\selenium\chromedriver\win64\154.0.8037.92\chromedriver.exe
2026-09-30 11:26:45 INFO  com.cura.listeners.TestListener - START: dataDrivenAppointmentTest
2026-09-30 11:26:47 INFO  com.cura.listeners.TestListener - PASS: dataDrivenAppointmentTest
2026-09-30 11:26:47 INFO  i.g.bonigarcia.wdm.WebDriverManager - Using chromedriver 154.0.8037.92 (resolved driver for Chrome 154)
2026-09-30 11:26:47 INFO  i.g.bonigarcia.wdm.WebDriverManager - Exporting webdriver.chrome.driver as C:\Users\Helius\.cache\selenium\chromedriver\win64\154.0.8037.92\chromedriver.exe
2026-09-30 11:26:50 INFO  com.cura.listeners.TestListener - START: dataDrivenAppointmentTest
2026-09-30 11:27:07 INFO  i.g.bonigarcia.wdm.WebDriverManager - Using chromedriver 154.0.8037.92 (resolved driver for Chrome 154)
2026-09-30 11:27:07 INFO  i.g.bonigarcia.wdm.WebDriverManager - Exporting webdriver.chrome.driver as C:\Users\Helius\.cache\selenium\chromedriver\win64\154.0.8037.92\chromedriver.exe
2026-09-30 11:27:10 INFO  com.cura.listeners.TestListener - START: dataDrivenAppointmentTest
2026-09-30 11:27:26 ERROR com.cura.listeners.TestListener - FAIL: dataDrivenAppointmentTest
org.openqa.selenium.TimeoutException: Expected condition failed: waiting for element to be clickable: By.cssSelector: input[name='hospital_readmission'][value='No'] (tried for 15 second(s) with 500 milliseconds interval)
Build info: version: '4.25.0', revision: '8a8aea2337'
System info: os.name: 'Windows 11', os.arch: 'amd64', os.version: '10.0', java.version: '17.0.20.1'
Driver info: org.openqa.selenium.chrome.ChromeDriver
Capabilities {acceptInsecureCerts: false, browserName: chrome, browserVersion: 154.0.8037.59, chrome: {chromedriverVersion: 154.0.8037.92 (334b65d254cc..., userDataDir: C:\Users\Helius\AppData\Loc...}, fedcm:accounts: true, goog:chromeOptions: {debuggerAddress: localhost:59406}, goog:processID: 24796, networkConnectionEnabled: false, pageLoadStrategy: normal, platformName: windows, proxy: Proxy(), se:cdp: ws://localhost:59406/devtoo..., se:cdpVersion: 154.0.8037.59, setWindowRect: true, strictFileInteractability: false, timeouts: {implicit: 0, pageLoad: 300000, script: 30000}, unhandledPromptBehavior: dismiss and notify, webauthn:extension:cmtgKey: true, webauthn:extension:credBlob: true, webauthn:extension:largeBlob: true, webauthn:extension:minPinLength: true, webauthn:extension:prf: true, webauthn:virtualAuthenticators: true}
Session ID: 2ecb856a41e0c29674df08fb9de36510
	at org.openqa.selenium.support.ui.WebDriverWait.timeoutException(WebDriverWait.java:84)
	at org.openqa.selenium.support.ui.FluentWait.until(FluentWait.java:228)
	at com.cura.pages.BasePage.click(BasePage.java:19)
	at com.cura.pages.AppointmentPage.setReadmission(AppointmentPage.java:29)
	at com.cura.tests.CuraAppointmentTest.dataDrivenAppointmentTest(CuraAppointmentTest.java:58)
	at java.base/jdk.internal.reflect.NativeMethodAccessorImpl.invoke0(Native Method)
	at java.base/jdk.internal.reflect.NativeMethodAccessorImpl.invoke(NativeMethodAccessorImpl.java:77)
	at java.base/jdk.internal.reflect.DelegatingMethodAccessorImpl.invoke(DelegatingMethodAccessorImpl.java:43)
	at java.base/java.lang.reflect.Method.invoke(Method.java:569)
	at org.testng.internal.invokers.MethodInvocationHelper.invokeMethod(MethodInvocationHelper.java:141)
	at org.testng.internal.invokers.TestInvoker.invokeMethod(TestInvoker.java:686)
	at org.testng.internal.invokers.TestInvoker.retryFailed(TestInvoker.java:269)
	at org.testng.internal.invokers.MethodRunner.runInSequence(MethodRunner.java:76)
	at org.testng.internal.invokers.TestInvoker$MethodInvocationAgent.invoke(TestInvoker.java:992)
	at org.testng.internal.invokers.TestInvoker.invokeTestMethods(TestInvoker.java:203)
	at org.testng.internal.invokers.TestMethodWorker.invokeTestMethods(TestMethodWorker.java:154)
	at org.testng.internal.invokers.TestMethodWorker.run(TestMethodWorker.java:134)
	at java.base/java.util.ArrayList.forEach(ArrayList.java:1511)
	at org.testng.TestRunner.privateRun(TestRunner.java:739)
	at org.testng.TestRunner.run(TestRunner.java:614)
	at org.testng.SuiteRunner.runTest(SuiteRunner.java:421)
	at org.testng.SuiteRunner.runSequentially(SuiteRunner.java:413)
	at org.testng.SuiteRunner.privateRun(SuiteRunner.java:373)
	at org.testng.SuiteRunner.run(SuiteRunner.java:312)
	at org.testng.SuiteRunnerWorker.runSuite(SuiteRunnerWorker.java:52)
	at org.testng.SuiteRunnerWorker.run(SuiteRunnerWorker.java:95)
	at org.testng.TestNG.runSuitesSequentially(TestNG.java:1274)
	at org.testng.TestNG.runSuitesLocally(TestNG.java:1208)
	at org.testng.TestNG.runSuites(TestNG.java:1112)
	at org.testng.TestNG.run(TestNG.java:1079)
	at org.apache.maven.surefire.testng.TestNGExecutor.run(TestNGExecutor.java:308)
	at org.apache.maven.surefire.testng.TestNGXmlTestSuite.execute(TestNGXmlTestSuite.java:71)
	at org.apache.maven.surefire.testng.TestNGProvider.invoke(TestNGProvider.java:113)
	at org.apache.maven.surefire.booter.ForkedBooter.runSuitesInProcess(ForkedBooter.java:385)
	at org.apache.maven.surefire.booter.ForkedBooter.execute(ForkedBooter.java:162)
	at org.apache.maven.surefire.booter.ForkedBooter.run(ForkedBooter.java:507)
	at org.apache.maven.surefire.booter.ForkedBooter.main(ForkedBooter.java:495)
2026-09-30 11:27:26 ERROR io.qameta.allure.AllureLifecycle - Could not add attachment: no test is running
2026-09-30 11:27:26 ERROR io.qameta.allure.AllureLifecycle - Could not add attachment: no test is running
2026-09-30 11:27:27 INFO  i.g.bonigarcia.wdm.WebDriverManager - Using chromedriver 154.0.8037.92 (resolved driver for Chrome 154)
2026-09-30 11:27:27 INFO  i.g.bonigarcia.wdm.WebDriverManager - Exporting webdriver.chrome.driver as C:\Users\Helius\.cache\selenium\chromedriver\win64\154.0.8037.92\chromedriver.exe
2026-09-30 11:27:30 INFO  com.cura.listeners.TestListener - START: parameterizedAppointmentTest
2026-09-30 11:27:46 INFO  i.g.bonigarcia.wdm.WebDriverManager - Using chromedriver 154.0.8037.92 (resolved driver for Chrome 154)
2026-09-30 11:27:46 INFO  i.g.bonigarcia.wdm.WebDriverManager - Exporting webdriver.chrome.driver as C:\Users\Helius\.cache\selenium\chromedriver\win64\154.0.8037.92\chromedriver.exe
2026-09-30 11:27:49 INFO  com.cura.listeners.TestListener - START: parameterizedAppointmentTest
2026-09-30 11:28:06 ERROR com.cura.listeners.TestListener - FAIL: parameterizedAppointmentTest
org.openqa.selenium.TimeoutException: Expected condition failed: waiting for element to be clickable: By.cssSelector: input[name='hospital_readmission'][value='No'] (tried for 15 second(s) with 500 milliseconds interval)
Build info: version: '4.25.0', revision: '8a8aea2337'
System info: os.name: 'Windows 11', os.arch: 'amd64', os.version: '10.0', java.version: '17.0.20.1'
Driver info: org.openqa.selenium.chrome.ChromeDriver
Capabilities {acceptInsecureCerts: false, browserName: chrome, browserVersion: 154.0.8037.59, chrome: {chromedriverVersion: 154.0.8037.92 (334b65d254cc..., userDataDir: C:\Users\Helius\AppData\Loc...}, fedcm:accounts: true, goog:chromeOptions: {debuggerAddress: localhost:62798}, goog:processID: 22596, networkConnectionEnabled: false, pageLoadStrategy: normal, platformName: windows, proxy: Proxy(), se:cdp: ws://localhost:62798/devtoo..., se:cdpVersion: 154.0.8037.59, setWindowRect: true, strictFileInteractability: false, timeouts: {implicit: 0, pageLoad: 300000, script: 30000}, unhandledPromptBehavior: dismiss and notify, webauthn:extension:cmtgKey: true, webauthn:extension:credBlob: true, webauthn:extension:largeBlob: true, webauthn:extension:minPinLength: true, webauthn:extension:prf: true, webauthn:virtualAuthenticators: true}
Session ID: d8296377fe28032b55869ffeb78c5ca3
	at org.openqa.selenium.support.ui.WebDriverWait.timeoutException(WebDriverWait.java:84)
	at org.openqa.selenium.support.ui.FluentWait.until(FluentWait.java:228)
	at com.cura.pages.BasePage.click(BasePage.java:19)
	at com.cura.pages.AppointmentPage.setReadmission(AppointmentPage.java:29)
	at com.cura.tests.CuraAppointmentTest.parameterizedAppointmentTest(CuraAppointmentTest.java:29)
	at java.base/jdk.internal.reflect.NativeMethodAccessorImpl.invoke0(Native Method)
	at java.base/jdk.internal.reflect.NativeMethodAccessorImpl.invoke(NativeMethodAccessorImpl.java:77)
	at java.base/jdk.internal.reflect.DelegatingMethodAccessorImpl.invoke(DelegatingMethodAccessorImpl.java:43)
	at java.base/java.lang.reflect.Method.invoke(Method.java:569)
	at org.testng.internal.invokers.MethodInvocationHelper.invokeMethod(MethodInvocationHelper.java:141)
	at org.testng.internal.invokers.TestInvoker.invokeMethod(TestInvoker.java:686)
	at org.testng.internal.invokers.TestInvoker.retryFailed(TestInvoker.java:269)
	at org.testng.internal.invokers.MethodRunner.runInSequence(MethodRunner.java:76)
	at org.testng.internal.invokers.TestInvoker$MethodInvocationAgent.invoke(TestInvoker.java:992)
	at org.testng.internal.invokers.TestInvoker.invokeTestMethods(TestInvoker.java:203)
	at org.testng.internal.invokers.TestMethodWorker.invokeTestMethods(TestMethodWorker.java:154)
	at org.testng.internal.invokers.TestMethodWorker.run(TestMethodWorker.java:134)
	at java.base/java.util.ArrayList.forEach(ArrayList.java:1511)
	at org.testng.TestRunner.privateRun(TestRunner.java:739)
	at org.testng.TestRunner.run(TestRunner.java:614)
	at org.testng.SuiteRunner.runTest(SuiteRunner.java:421)
	at org.testng.SuiteRunner.runSequentially(SuiteRunner.java:413)
	at org.testng.SuiteRunner.privateRun(SuiteRunner.java:373)
	at org.testng.SuiteRunner.run(SuiteRunner.java:312)
	at org.testng.SuiteRunnerWorker.runSuite(SuiteRunnerWorker.java:52)
	at org.testng.SuiteRunnerWorker.run(SuiteRunnerWorker.java:95)
	at org.testng.TestNG.runSuitesSequentially(TestNG.java:1274)
	at org.testng.TestNG.runSuitesLocally(TestNG.java:1208)
	at org.testng.TestNG.runSuites(TestNG.java:1112)
	at org.testng.TestNG.run(TestNG.java:1079)
	at org.apache.maven.surefire.testng.TestNGExecutor.run(TestNGExecutor.java:308)
	at org.apache.maven.surefire.testng.TestNGXmlTestSuite.execute(TestNGXmlTestSuite.java:71)
	at org.apache.maven.surefire.testng.TestNGProvider.invoke(TestNGProvider.java:113)
	at org.apache.maven.surefire.booter.ForkedBooter.runSuitesInProcess(ForkedBooter.java:385)
	at org.apache.maven.surefire.booter.ForkedBooter.execute(ForkedBooter.java:162)
	at org.apache.maven.surefire.booter.ForkedBooter.run(ForkedBooter.java:507)
	at org.apache.maven.surefire.booter.ForkedBooter.main(ForkedBooter.java:495)
2026-09-30 11:28:06 ERROR io.qameta.allure.AllureLifecycle - Could not add attachment: no test is running
2026-09-30 11:28:06 ERROR io.qameta.allure.AllureLifecycle - Could not add attachment: no test is running
2026-09-30 11:30:56 INFO  i.g.bonigarcia.wdm.WebDriverManager - Using chromedriver 154.0.8037.92 (resolved driver for Chrome 154)
2026-09-30 11:30:56 INFO  i.g.bonigarcia.wdm.WebDriverManager - Exporting webdriver.chrome.driver as C:\Users\Helius\.cache\selenium\chromedriver\win64\154.0.8037.92\chromedriver.exe
2026-09-30 11:30:59 INFO  com.cura.listeners.TestListener - START: dataDrivenAppointmentTest
2026-09-30 11:31:16 INFO  i.g.bonigarcia.wdm.WebDriverManager - Using chromedriver 154.0.8037.92 (resolved driver for Chrome 154)
2026-09-30 11:31:16 INFO  i.g.bonigarcia.wdm.WebDriverManager - Exporting webdriver.chrome.driver as C:\Users\Helius\.cache\selenium\chromedriver\win64\154.0.8037.92\chromedriver.exe
2026-09-30 11:31:19 INFO  com.cura.listeners.TestListener - START: dataDrivenAppointmentTest
2026-09-30 11:31:35 ERROR com.cura.listeners.TestListener - FAIL: dataDrivenAppointmentTest
org.openqa.selenium.TimeoutException: Expected condition failed: waiting for element to be clickable: By.cssSelector: input[name='hospital_readmission'][value='No'] (tried for 15 second(s) with 500 milliseconds interval)
Build info: version: '4.25.0', revision: '8a8aea2337'
System info: os.name: 'Windows 11', os.arch: 'amd64', os.version: '10.0', java.version: '17.0.20.1'
Driver info: org.openqa.selenium.chrome.ChromeDriver
Capabilities {acceptInsecureCerts: false, browserName: chrome, browserVersion: 154.0.8037.59, chrome: {chromedriverVersion: 154.0.8037.92 (334b65d254cc..., userDataDir: C:\Users\Helius\AppData\Loc...}, fedcm:accounts: true, goog:chromeOptions: {debuggerAddress: localhost:61542}, goog:processID: 11696, networkConnectionEnabled: false, pageLoadStrategy: normal, platformName: windows, proxy: Proxy(), se:cdp: ws://localhost:61542/devtoo..., se:cdpVersion: 154.0.8037.59, setWindowRect: true, strictFileInteractability: false, timeouts: {implicit: 0, pageLoad: 300000, script: 30000}, unhandledPromptBehavior: dismiss and notify, webauthn:extension:cmtgKey: true, webauthn:extension:credBlob: true, webauthn:extension:largeBlob: true, webauthn:extension:minPinLength: true, webauthn:extension:prf: true, webauthn:virtualAuthenticators: true}
Session ID: bc14e2879ea2fb03d4666731973d84b7
	at org.openqa.selenium.support.ui.WebDriverWait.timeoutException(WebDriverWait.java:84)
	at org.openqa.selenium.support.ui.FluentWait.until(FluentWait.java:228)
	at com.cura.pages.BasePage.click(BasePage.java:19)
	at com.cura.pages.AppointmentPage.setReadmission(AppointmentPage.java:29)
	at com.cura.tests.CuraAppointmentTest.dataDrivenAppointmentTest(CuraAppointmentTest.java:58)
	at java.base/jdk.internal.reflect.NativeMethodAccessorImpl.invoke0(Native Method)
	at java.base/jdk.internal.reflect.NativeMethodAccessorImpl.invoke(NativeMethodAccessorImpl.java:77)
	at java.base/jdk.internal.reflect.DelegatingMethodAccessorImpl.invoke(DelegatingMethodAccessorImpl.java:43)
	at java.base/java.lang.reflect.Method.invoke(Method.java:569)
	at org.testng.internal.invokers.MethodInvocationHelper.invokeMethod(MethodInvocationHelper.java:141)
	at org.testng.internal.invokers.TestInvoker.invokeMethod(TestInvoker.java:686)
	at org.testng.internal.invokers.TestInvoker.retryFailed(TestInvoker.java:269)
	at org.testng.internal.invokers.MethodRunner.runInSequence(MethodRunner.java:76)
	at org.testng.internal.invokers.TestInvoker$MethodInvocationAgent.invoke(TestInvoker.java:992)
	at org.testng.internal.invokers.TestInvoker.invokeTestMethods(TestInvoker.java:203)
	at org.testng.internal.invokers.TestMethodWorker.invokeTestMethods(TestMethodWorker.java:154)
	at org.testng.internal.invokers.TestMethodWorker.run(TestMethodWorker.java:134)
	at java.base/java.util.ArrayList.forEach(ArrayList.java:1511)
	at org.testng.TestRunner.privateRun(TestRunner.java:739)
	at org.testng.TestRunner.run(TestRunner.java:614)
	at org.testng.SuiteRunner.runTest(SuiteRunner.java:421)
	at org.testng.SuiteRunner.runSequentially(SuiteRunner.java:413)
	at org.testng.SuiteRunner.privateRun(SuiteRunner.java:373)
	at org.testng.SuiteRunner.run(SuiteRunner.java:312)
	at org.testng.SuiteRunnerWorker.runSuite(SuiteRunnerWorker.java:52)
	at org.testng.SuiteRunnerWorker.run(SuiteRunnerWorker.java:95)
	at org.testng.TestNG.runSuitesSequentially(TestNG.java:1274)
	at org.testng.TestNG.runSuitesLocally(TestNG.java:1208)
	at org.testng.TestNG.runSuites(TestNG.java:1112)
	at org.testng.TestNG.run(TestNG.java:1079)
	at org.apache.maven.surefire.testng.TestNGExecutor.run(TestNGExecutor.java:308)
	at org.apache.maven.surefire.testng.TestNGXmlTestSuite.execute(TestNGXmlTestSuite.java:71)
	at org.apache.maven.surefire.testng.TestNGProvider.invoke(TestNGProvider.java:113)
	at org.apache.maven.surefire.booter.ForkedBooter.runSuitesInProcess(ForkedBooter.java:385)
	at org.apache.maven.surefire.booter.ForkedBooter.execute(ForkedBooter.java:162)
	at org.apache.maven.surefire.booter.ForkedBooter.run(ForkedBooter.java:507)
	at org.apache.maven.surefire.booter.ForkedBooter.main(ForkedBooter.java:495)
2026-09-30 11:31:35 ERROR io.qameta.allure.AllureLifecycle - Could not add attachment: no test is running
2026-09-30 11:31:35 ERROR io.qameta.allure.AllureLifecycle - Could not add attachment: no test is running
2026-09-30 11:31:36 INFO  i.g.bonigarcia.wdm.WebDriverManager - Using chromedriver 154.0.8037.92 (resolved driver for Chrome 154)
2026-09-30 11:31:36 INFO  i.g.bonigarcia.wdm.WebDriverManager - Exporting webdriver.chrome.driver as C:\Users\Helius\.cache\selenium\chromedriver\win64\154.0.8037.92\chromedriver.exe
2026-09-30 11:31:39 INFO  com.cura.listeners.TestListener - START: dataDrivenAppointmentTest
2026-09-30 11:31:41 INFO  com.cura.listeners.TestListener - PASS: dataDrivenAppointmentTest
2026-09-30 11:31:41 INFO  i.g.bonigarcia.wdm.WebDriverManager - Using chromedriver 154.0.8037.92 (resolved driver for Chrome 154)
2026-09-30 11:31:41 INFO  i.g.bonigarcia.wdm.WebDriverManager - Exporting webdriver.chrome.driver as C:\Users\Helius\.cache\selenium\chromedriver\win64\154.0.8037.92\chromedriver.exe
2026-09-30 11:31:44 INFO  com.cura.listeners.TestListener - START: dataDrivenAppointmentTest
2026-09-30 11:32:00 INFO  i.g.bonigarcia.wdm.WebDriverManager - Using chromedriver 154.0.8037.92 (resolved driver for Chrome 154)
2026-09-30 11:32:00 INFO  i.g.bonigarcia.wdm.WebDriverManager - Exporting webdriver.chrome.driver as C:\Users\Helius\.cache\selenium\chromedriver\win64\154.0.8037.92\chromedriver.exe
2026-09-30 11:32:03 INFO  com.cura.listeners.TestListener - START: dataDrivenAppointmentTest
2026-09-30 11:32:20 ERROR com.cura.listeners.TestListener - FAIL: dataDrivenAppointmentTest
org.openqa.selenium.TimeoutException: Expected condition failed: waiting for element to be clickable: By.cssSelector: input[name='hospital_readmission'][value='No'] (tried for 15 second(s) with 500 milliseconds interval)
Build info: version: '4.25.0', revision: '8a8aea2337'
System info: os.name: 'Windows 11', os.arch: 'amd64', os.version: '10.0', java.version: '17.0.20.1'
Driver info: org.openqa.selenium.chrome.ChromeDriver
Capabilities {acceptInsecureCerts: false, browserName: chrome, browserVersion: 154.0.8037.59, chrome: {chromedriverVersion: 154.0.8037.92 (334b65d254cc..., userDataDir: C:\Users\Helius\AppData\Loc...}, fedcm:accounts: true, goog:chromeOptions: {debuggerAddress: localhost:54154}, goog:processID: 20464, networkConnectionEnabled: false, pageLoadStrategy: normal, platformName: windows, proxy: Proxy(), se:cdp: ws://localhost:54154/devtoo..., se:cdpVersion: 154.0.8037.59, setWindowRect: true, strictFileInteractability: false, timeouts: {implicit: 0, pageLoad: 300000, script: 30000}, unhandledPromptBehavior: dismiss and notify, webauthn:extension:cmtgKey: true, webauthn:extension:credBlob: true, webauthn:extension:largeBlob: true, webauthn:extension:minPinLength: true, webauthn:extension:prf: true, webauthn:virtualAuthenticators: true}
Session ID: 0feca87928f826b0111d22f4ca54eb86
	at org.openqa.selenium.support.ui.WebDriverWait.timeoutException(WebDriverWait.java:84)
	at org.openqa.selenium.support.ui.FluentWait.until(FluentWait.java:228)
	at com.cura.pages.BasePage.click(BasePage.java:19)
	at com.cura.pages.AppointmentPage.setReadmission(AppointmentPage.java:29)
	at com.cura.tests.CuraAppointmentTest.dataDrivenAppointmentTest(CuraAppointmentTest.java:58)
	at java.base/jdk.internal.reflect.NativeMethodAccessorImpl.invoke0(Native Method)
	at java.base/jdk.internal.reflect.NativeMethodAccessorImpl.invoke(NativeMethodAccessorImpl.java:77)
	at java.base/jdk.internal.reflect.DelegatingMethodAccessorImpl.invoke(DelegatingMethodAccessorImpl.java:43)
	at java.base/java.lang.reflect.Method.invoke(Method.java:569)
	at org.testng.internal.invokers.MethodInvocationHelper.invokeMethod(MethodInvocationHelper.java:141)
	at org.testng.internal.invokers.TestInvoker.invokeMethod(TestInvoker.java:686)
	at org.testng.internal.invokers.TestInvoker.retryFailed(TestInvoker.java:269)
	at org.testng.internal.invokers.MethodRunner.runInSequence(MethodRunner.java:76)
	at org.testng.internal.invokers.TestInvoker$MethodInvocationAgent.invoke(TestInvoker.java:992)
	at org.testng.internal.invokers.TestInvoker.invokeTestMethods(TestInvoker.java:203)
	at org.testng.internal.invokers.TestMethodWorker.invokeTestMethods(TestMethodWorker.java:154)
	at org.testng.internal.invokers.TestMethodWorker.run(TestMethodWorker.java:134)
	at java.base/java.util.ArrayList.forEach(ArrayList.java:1511)
	at org.testng.TestRunner.privateRun(TestRunner.java:739)
	at org.testng.TestRunner.run(TestRunner.java:614)
	at org.testng.SuiteRunner.runTest(SuiteRunner.java:421)
	at org.testng.SuiteRunner.runSequentially(SuiteRunner.java:413)
	at org.testng.SuiteRunner.privateRun(SuiteRunner.java:373)
	at org.testng.SuiteRunner.run(SuiteRunner.java:312)
	at org.testng.SuiteRunnerWorker.runSuite(SuiteRunnerWorker.java:52)
	at org.testng.SuiteRunnerWorker.run(SuiteRunnerWorker.java:95)
	at org.testng.TestNG.runSuitesSequentially(TestNG.java:1274)
	at org.testng.TestNG.runSuitesLocally(TestNG.java:1208)
	at org.testng.TestNG.runSuites(TestNG.java:1112)
	at org.testng.TestNG.run(TestNG.java:1079)
	at org.apache.maven.surefire.testng.TestNGExecutor.run(TestNGExecutor.java:308)
	at org.apache.maven.surefire.testng.TestNGXmlTestSuite.execute(TestNGXmlTestSuite.java:71)
	at org.apache.maven.surefire.testng.TestNGProvider.invoke(TestNGProvider.java:113)
	at org.apache.maven.surefire.booter.ForkedBooter.runSuitesInProcess(ForkedBooter.java:385)
	at org.apache.maven.surefire.booter.ForkedBooter.execute(ForkedBooter.java:162)
	at org.apache.maven.surefire.booter.ForkedBooter.run(ForkedBooter.java:507)
	at org.apache.maven.surefire.booter.ForkedBooter.main(ForkedBooter.java:495)
2026-09-30 11:32:20 ERROR io.qameta.allure.AllureLifecycle - Could not add attachment: no test is running
2026-09-30 11:32:20 ERROR io.qameta.allure.AllureLifecycle - Could not add attachment: no test is running
2026-09-30 11:32:20 INFO  i.g.bonigarcia.wdm.WebDriverManager - Using chromedriver 154.0.8037.92 (resolved driver for Chrome 154)
2026-09-30 11:32:20 INFO  i.g.bonigarcia.wdm.WebDriverManager - Exporting webdriver.chrome.driver as C:\Users\Helius\.cache\selenium\chromedriver\win64\154.0.8037.92\chromedriver.exe
2026-09-30 11:32:23 INFO  com.cura.listeners.TestListener - START: parameterizedAppointmentTest
2026-09-30 11:32:40 INFO  i.g.bonigarcia.wdm.WebDriverManager - Using chromedriver 154.0.8037.92 (resolved driver for Chrome 154)
2026-09-30 11:32:40 INFO  i.g.bonigarcia.wdm.WebDriverManager - Exporting webdriver.chrome.driver as C:\Users\Helius\.cache\selenium\chromedriver\win64\154.0.8037.92\chromedriver.exe
2026-09-30 11:32:43 INFO  com.cura.listeners.TestListener - START: parameterizedAppointmentTest
2026-09-30 11:32:59 ERROR com.cura.listeners.TestListener - FAIL: parameterizedAppointmentTest
org.openqa.selenium.TimeoutException: Expected condition failed: waiting for element to be clickable: By.cssSelector: input[name='hospital_readmission'][value='No'] (tried for 15 second(s) with 500 milliseconds interval)
Build info: version: '4.25.0', revision: '8a8aea2337'
System info: os.name: 'Windows 11', os.arch: 'amd64', os.version: '10.0', java.version: '17.0.20.1'
Driver info: org.openqa.selenium.chrome.ChromeDriver
Capabilities {acceptInsecureCerts: false, browserName: chrome, browserVersion: 154.0.8037.59, chrome: {chromedriverVersion: 154.0.8037.92 (334b65d254cc..., userDataDir: C:\Users\Helius\AppData\Loc...}, fedcm:accounts: true, goog:chromeOptions: {debuggerAddress: localhost:58241}, goog:processID: 15016, networkConnectionEnabled: false, pageLoadStrategy: normal, platformName: windows, proxy: Proxy(), se:cdp: ws://localhost:58241/devtoo..., se:cdpVersion: 154.0.8037.59, setWindowRect: true, strictFileInteractability: false, timeouts: {implicit: 0, pageLoad: 300000, script: 30000}, unhandledPromptBehavior: dismiss and notify, webauthn:extension:cmtgKey: true, webauthn:extension:credBlob: true, webauthn:extension:largeBlob: true, webauthn:extension:minPinLength: true, webauthn:extension:prf: true, webauthn:virtualAuthenticators: true}
Session ID: b84a578d3e8bee0c4fb1b5a1dbe25c0d
	at org.openqa.selenium.support.ui.WebDriverWait.timeoutException(WebDriverWait.java:84)
	at org.openqa.selenium.support.ui.FluentWait.until(FluentWait.java:228)
	at com.cura.pages.BasePage.click(BasePage.java:19)
	at com.cura.pages.AppointmentPage.setReadmission(AppointmentPage.java:29)
	at com.cura.tests.CuraAppointmentTest.parameterizedAppointmentTest(CuraAppointmentTest.java:29)
	at java.base/jdk.internal.reflect.NativeMethodAccessorImpl.invoke0(Native Method)
	at java.base/jdk.internal.reflect.NativeMethodAccessorImpl.invoke(NativeMethodAccessorImpl.java:77)
	at java.base/jdk.internal.reflect.DelegatingMethodAccessorImpl.invoke(DelegatingMethodAccessorImpl.java:43)
	at java.base/java.lang.reflect.Method.invoke(Method.java:569)
	at org.testng.internal.invokers.MethodInvocationHelper.invokeMethod(MethodInvocationHelper.java:141)
	at org.testng.internal.invokers.TestInvoker.invokeMethod(TestInvoker.java:686)
	at org.testng.internal.invokers.TestInvoker.retryFailed(TestInvoker.java:269)
	at org.testng.internal.invokers.MethodRunner.runInSequence(MethodRunner.java:76)
	at org.testng.internal.invokers.TestInvoker$MethodInvocationAgent.invoke(TestInvoker.java:992)
	at org.testng.internal.invokers.TestInvoker.invokeTestMethods(TestInvoker.java:203)
	at org.testng.internal.invokers.TestMethodWorker.invokeTestMethods(TestMethodWorker.java:154)
	at org.testng.internal.invokers.TestMethodWorker.run(TestMethodWorker.java:134)
	at java.base/java.util.ArrayList.forEach(ArrayList.java:1511)
	at org.testng.TestRunner.privateRun(TestRunner.java:739)
	at org.testng.TestRunner.run(TestRunner.java:614)
	at org.testng.SuiteRunner.runTest(SuiteRunner.java:421)
	at org.testng.SuiteRunner.runSequentially(SuiteRunner.java:413)
	at org.testng.SuiteRunner.privateRun(SuiteRunner.java:373)
	at org.testng.SuiteRunner.run(SuiteRunner.java:312)
	at org.testng.SuiteRunnerWorker.runSuite(SuiteRunnerWorker.java:52)
	at org.testng.SuiteRunnerWorker.run(SuiteRunnerWorker.java:95)
	at org.testng.TestNG.runSuitesSequentially(TestNG.java:1274)
	at org.testng.TestNG.runSuitesLocally(TestNG.java:1208)
	at org.testng.TestNG.runSuites(TestNG.java:1112)
	at org.testng.TestNG.run(TestNG.java:1079)
	at org.apache.maven.surefire.testng.TestNGExecutor.run(TestNGExecutor.java:308)
	at org.apache.maven.surefire.testng.TestNGXmlTestSuite.execute(TestNGXmlTestSuite.java:71)
	at org.apache.maven.surefire.testng.TestNGProvider.invoke(TestNGProvider.java:113)
	at org.apache.maven.surefire.booter.ForkedBooter.runSuitesInProcess(ForkedBooter.java:385)
	at org.apache.maven.surefire.booter.ForkedBooter.execute(ForkedBooter.java:162)
	at org.apache.maven.surefire.booter.ForkedBooter.run(ForkedBooter.java:507)
	at org.apache.maven.surefire.booter.ForkedBooter.main(ForkedBooter.java:495)
2026-09-30 11:33:00 ERROR io.qameta.allure.AllureLifecycle - Could not add attachment: no test is running
2026-09-30 11:33:00 ERROR io.qameta.allure.AllureLifecycle - Could not add attachment: no test is running
2026-09-30 11:36:34 INFO  i.g.bonigarcia.wdm.WebDriverManager - Using chromedriver 154.0.8037.92 (resolved driver for Chrome 154)
2026-09-30 11:36:34 INFO  i.g.bonigarcia.wdm.WebDriverManager - Exporting webdriver.chrome.driver as C:\Users\Helius\.cache\selenium\chromedriver\win64\154.0.8037.92\chromedriver.exe
2026-09-30 11:36:38 INFO  com.cura.listeners.TestListener - START: dataDrivenAppointmentTest
2026-09-30 11:36:54 INFO  i.g.bonigarcia.wdm.WebDriverManager - Using chromedriver 154.0.8037.92 (resolved driver for Chrome 154)
2026-09-30 11:36:54 INFO  i.g.bonigarcia.wdm.WebDriverManager - Exporting webdriver.chrome.driver as C:\Users\Helius\.cache\selenium\chromedriver\win64\154.0.8037.92\chromedriver.exe
2026-09-30 11:36:58 INFO  com.cura.listeners.TestListener - START: dataDrivenAppointmentTest
2026-09-30 11:37:14 ERROR com.cura.listeners.TestListener - FAIL: dataDrivenAppointmentTest
org.openqa.selenium.TimeoutException: Expected condition failed: waiting for element to be clickable: By.cssSelector: input[name='hospital_readmission'][value='No'] (tried for 15 second(s) with 500 milliseconds interval)
Build info: version: '4.25.0', revision: '8a8aea2337'
System info: os.name: 'Windows 11', os.arch: 'amd64', os.version: '10.0', java.version: '17.0.20.1'
Driver info: org.openqa.selenium.chrome.ChromeDriver
Capabilities {acceptInsecureCerts: false, browserName: chrome, browserVersion: 154.0.8037.59, chrome: {chromedriverVersion: 154.0.8037.92 (334b65d254cc..., userDataDir: C:\Users\Helius\AppData\Loc...}, fedcm:accounts: true, goog:chromeOptions: {debuggerAddress: localhost:60446}, goog:processID: 21108, networkConnectionEnabled: false, pageLoadStrategy: normal, platformName: windows, proxy: Proxy(), se:cdp: ws://localhost:60446/devtoo..., se:cdpVersion: 154.0.8037.59, setWindowRect: true, strictFileInteractability: false, timeouts: {implicit: 0, pageLoad: 300000, script: 30000}, unhandledPromptBehavior: dismiss and notify, webauthn:extension:cmtgKey: true, webauthn:extension:credBlob: true, webauthn:extension:largeBlob: true, webauthn:extension:minPinLength: true, webauthn:extension:prf: true, webauthn:virtualAuthenticators: true}
Session ID: 0929c5a92bf3f212a507162a249ab953
	at org.openqa.selenium.support.ui.WebDriverWait.timeoutException(WebDriverWait.java:84)
	at org.openqa.selenium.support.ui.FluentWait.until(FluentWait.java:228)
	at com.cura.pages.BasePage.click(BasePage.java:19)
	at com.cura.pages.AppointmentPage.setReadmission(AppointmentPage.java:29)
	at com.cura.tests.CuraAppointmentTest.dataDrivenAppointmentTest(CuraAppointmentTest.java:58)
	at java.base/jdk.internal.reflect.NativeMethodAccessorImpl.invoke0(Native Method)
	at java.base/jdk.internal.reflect.NativeMethodAccessorImpl.invoke(NativeMethodAccessorImpl.java:77)
	at java.base/jdk.internal.reflect.DelegatingMethodAccessorImpl.invoke(DelegatingMethodAccessorImpl.java:43)
	at java.base/java.lang.reflect.Method.invoke(Method.java:569)
	at org.testng.internal.invokers.MethodInvocationHelper.invokeMethod(MethodInvocationHelper.java:141)
	at org.testng.internal.invokers.TestInvoker.invokeMethod(TestInvoker.java:686)
	at org.testng.internal.invokers.TestInvoker.retryFailed(TestInvoker.java:269)
	at org.testng.internal.invokers.MethodRunner.runInSequence(MethodRunner.java:76)
	at org.testng.internal.invokers.TestInvoker$MethodInvocationAgent.invoke(TestInvoker.java:992)
	at org.testng.internal.invokers.TestInvoker.invokeTestMethods(TestInvoker.java:203)
	at org.testng.internal.invokers.TestMethodWorker.invokeTestMethods(TestMethodWorker.java:154)
	at org.testng.internal.invokers.TestMethodWorker.run(TestMethodWorker.java:134)
	at java.base/java.util.ArrayList.forEach(ArrayList.java:1511)
	at org.testng.TestRunner.privateRun(TestRunner.java:739)
	at org.testng.TestRunner.run(TestRunner.java:614)
	at org.testng.SuiteRunner.runTest(SuiteRunner.java:421)
	at org.testng.SuiteRunner.runSequentially(SuiteRunner.java:413)
	at org.testng.SuiteRunner.privateRun(SuiteRunner.java:373)
	at org.testng.SuiteRunner.run(SuiteRunner.java:312)
	at org.testng.SuiteRunnerWorker.runSuite(SuiteRunnerWorker.java:52)
	at org.testng.SuiteRunnerWorker.run(SuiteRunnerWorker.java:95)
	at org.testng.TestNG.runSuitesSequentially(TestNG.java:1274)
	at org.testng.TestNG.runSuitesLocally(TestNG.java:1208)
	at org.testng.TestNG.runSuites(TestNG.java:1112)
	at org.testng.TestNG.run(TestNG.java:1079)
	at org.apache.maven.surefire.testng.TestNGExecutor.run(TestNGExecutor.java:308)
	at org.apache.maven.surefire.testng.TestNGXmlTestSuite.execute(TestNGXmlTestSuite.java:71)
	at org.apache.maven.surefire.testng.TestNGProvider.invoke(TestNGProvider.java:113)
	at org.apache.maven.surefire.booter.ForkedBooter.runSuitesInProcess(ForkedBooter.java:385)
	at org.apache.maven.surefire.booter.ForkedBooter.execute(ForkedBooter.java:162)
	at org.apache.maven.surefire.booter.ForkedBooter.run(ForkedBooter.java:507)
	at org.apache.maven.surefire.booter.ForkedBooter.main(ForkedBooter.java:495)
2026-09-30 11:37:14 ERROR io.qameta.allure.AllureLifecycle - Could not add attachment: no test is running
2026-09-30 11:37:14 ERROR io.qameta.allure.AllureLifecycle - Could not add attachment: no test is running
2026-09-30 11:37:14 INFO  i.g.bonigarcia.wdm.WebDriverManager - Using chromedriver 154.0.8037.92 (resolved driver for Chrome 154)
2026-09-30 11:37:14 INFO  i.g.bonigarcia.wdm.WebDriverManager - Exporting webdriver.chrome.driver as C:\Users\Helius\.cache\selenium\chromedriver\win64\154.0.8037.92\chromedriver.exe
2026-09-30 11:37:18 INFO  com.cura.listeners.TestListener - START: dataDrivenAppointmentTest
2026-09-30 11:37:20 INFO  com.cura.listeners.TestListener - PASS: dataDrivenAppointmentTest
2026-09-30 11:37:20 INFO  i.g.bonigarcia.wdm.WebDriverManager - Using chromedriver 154.0.8037.92 (resolved driver for Chrome 154)
2026-09-30 11:37:20 INFO  i.g.bonigarcia.wdm.WebDriverManager - Exporting webdriver.chrome.driver as C:\Users\Helius\.cache\selenium\chromedriver\win64\154.0.8037.92\chromedriver.exe
2026-09-30 11:37:23 INFO  com.cura.listeners.TestListener - START: dataDrivenAppointmentTest
2026-09-30 11:37:40 INFO  i.g.bonigarcia.wdm.WebDriverManager - Using chromedriver 154.0.8037.92 (resolved driver for Chrome 154)
2026-09-30 11:37:40 INFO  i.g.bonigarcia.wdm.WebDriverManager - Exporting webdriver.chrome.driver as C:\Users\Helius\.cache\selenium\chromedriver\win64\154.0.8037.92\chromedriver.exe
2026-09-30 11:37:43 INFO  com.cura.listeners.TestListener - START: dataDrivenAppointmentTest
2026-09-30 11:38:00 ERROR com.cura.listeners.TestListener - FAIL: dataDrivenAppointmentTest
org.openqa.selenium.TimeoutException: Expected condition failed: waiting for element to be clickable: By.cssSelector: input[name='hospital_readmission'][value='No'] (tried for 15 second(s) with 500 milliseconds interval)
Build info: version: '4.25.0', revision: '8a8aea2337'
System info: os.name: 'Windows 11', os.arch: 'amd64', os.version: '10.0', java.version: '17.0.20.1'
Driver info: org.openqa.selenium.chrome.ChromeDriver
Capabilities {acceptInsecureCerts: false, browserName: chrome, browserVersion: 154.0.8037.59, chrome: {chromedriverVersion: 154.0.8037.92 (334b65d254cc..., userDataDir: C:\Users\Helius\AppData\Loc...}, fedcm:accounts: true, goog:chromeOptions: {debuggerAddress: localhost:53688}, goog:processID: 15920, networkConnectionEnabled: false, pageLoadStrategy: normal, platformName: windows, proxy: Proxy(), se:cdp: ws://localhost:53688/devtoo..., se:cdpVersion: 154.0.8037.59, setWindowRect: true, strictFileInteractability: false, timeouts: {implicit: 0, pageLoad: 300000, script: 30000}, unhandledPromptBehavior: dismiss and notify, webauthn:extension:cmtgKey: true, webauthn:extension:credBlob: true, webauthn:extension:largeBlob: true, webauthn:extension:minPinLength: true, webauthn:extension:prf: true, webauthn:virtualAuthenticators: true}
Session ID: e7ab0ff0fecc008a2afda0840569a777
	at org.openqa.selenium.support.ui.WebDriverWait.timeoutException(WebDriverWait.java:84)
	at org.openqa.selenium.support.ui.FluentWait.until(FluentWait.java:228)
	at com.cura.pages.BasePage.click(BasePage.java:19)
	at com.cura.pages.AppointmentPage.setReadmission(AppointmentPage.java:29)
	at com.cura.tests.CuraAppointmentTest.dataDrivenAppointmentTest(CuraAppointmentTest.java:58)
	at java.base/jdk.internal.reflect.NativeMethodAccessorImpl.invoke0(Native Method)
	at java.base/jdk.internal.reflect.NativeMethodAccessorImpl.invoke(NativeMethodAccessorImpl.java:77)
	at java.base/jdk.internal.reflect.DelegatingMethodAccessorImpl.invoke(DelegatingMethodAccessorImpl.java:43)
	at java.base/java.lang.reflect.Method.invoke(Method.java:569)
	at org.testng.internal.invokers.MethodInvocationHelper.invokeMethod(MethodInvocationHelper.java:141)
	at org.testng.internal.invokers.TestInvoker.invokeMethod(TestInvoker.java:686)
	at org.testng.internal.invokers.TestInvoker.retryFailed(TestInvoker.java:269)
	at org.testng.internal.invokers.MethodRunner.runInSequence(MethodRunner.java:76)
	at org.testng.internal.invokers.TestInvoker$MethodInvocationAgent.invoke(TestInvoker.java:992)
	at org.testng.internal.invokers.TestInvoker.invokeTestMethods(TestInvoker.java:203)
	at org.testng.internal.invokers.TestMethodWorker.invokeTestMethods(TestMethodWorker.java:154)
	at org.testng.internal.invokers.TestMethodWorker.run(TestMethodWorker.java:134)
	at java.base/java.util.ArrayList.forEach(ArrayList.java:1511)
	at org.testng.TestRunner.privateRun(TestRunner.java:739)
	at org.testng.TestRunner.run(TestRunner.java:614)
	at org.testng.SuiteRunner.runTest(SuiteRunner.java:421)
	at org.testng.SuiteRunner.runSequentially(SuiteRunner.java:413)
	at org.testng.SuiteRunner.privateRun(SuiteRunner.java:373)
	at org.testng.SuiteRunner.run(SuiteRunner.java:312)
	at org.testng.SuiteRunnerWorker.runSuite(SuiteRunnerWorker.java:52)
	at org.testng.SuiteRunnerWorker.run(SuiteRunnerWorker.java:95)
	at org.testng.TestNG.runSuitesSequentially(TestNG.java:1274)
	at org.testng.TestNG.runSuitesLocally(TestNG.java:1208)
	at org.testng.TestNG.runSuites(TestNG.java:1112)
	at org.testng.TestNG.run(TestNG.java:1079)
	at org.apache.maven.surefire.testng.TestNGExecutor.run(TestNGExecutor.java:308)
	at org.apache.maven.surefire.testng.TestNGXmlTestSuite.execute(TestNGXmlTestSuite.java:71)
	at org.apache.maven.surefire.testng.TestNGProvider.invoke(TestNGProvider.java:113)
	at org.apache.maven.surefire.booter.ForkedBooter.runSuitesInProcess(ForkedBooter.java:385)
	at org.apache.maven.surefire.booter.ForkedBooter.execute(ForkedBooter.java:162)
	at org.apache.maven.surefire.booter.ForkedBooter.run(ForkedBooter.java:507)
	at org.apache.maven.surefire.booter.ForkedBooter.main(ForkedBooter.java:495)
2026-09-30 11:38:00 ERROR io.qameta.allure.AllureLifecycle - Could not add attachment: no test is running
2026-09-30 11:38:00 ERROR io.qameta.allure.AllureLifecycle - Could not add attachment: no test is running
2026-09-30 11:38:00 INFO  i.g.bonigarcia.wdm.WebDriverManager - Using chromedriver 154.0.8037.92 (resolved driver for Chrome 154)
2026-09-30 11:38:00 INFO  i.g.bonigarcia.wdm.WebDriverManager - Exporting webdriver.chrome.driver as C:\Users\Helius\.cache\selenium\chromedriver\win64\154.0.8037.92\chromedriver.exe
2026-09-30 11:38:03 INFO  com.cura.listeners.TestListener - START: parameterizedAppointmentTest
2026-09-30 11:38:21 INFO  i.g.bonigarcia.wdm.WebDriverManager - Using chromedriver 154.0.8037.92 (resolved driver for Chrome 154)
2026-09-30 11:38:21 INFO  i.g.bonigarcia.wdm.WebDriverManager - Exporting webdriver.chrome.driver as C:\Users\Helius\.cache\selenium\chromedriver\win64\154.0.8037.92\chromedriver.exe
2026-09-30 11:38:25 INFO  com.cura.listeners.TestListener - START: parameterizedAppointmentTest
2026-09-30 11:38:41 ERROR com.cura.listeners.TestListener - FAIL: parameterizedAppointmentTest
org.openqa.selenium.TimeoutException: Expected condition failed: waiting for element to be clickable: By.cssSelector: input[name='hospital_readmission'][value='No'] (tried for 15 second(s) with 500 milliseconds interval)
Build info: version: '4.25.0', revision: '8a8aea2337'
System info: os.name: 'Windows 11', os.arch: 'amd64', os.version: '10.0', java.version: '17.0.20.1'
Driver info: org.openqa.selenium.chrome.ChromeDriver
Capabilities {acceptInsecureCerts: false, browserName: chrome, browserVersion: 154.0.8037.59, chrome: {chromedriverVersion: 154.0.8037.92 (334b65d254cc..., userDataDir: C:\Users\Helius\AppData\Loc...}, fedcm:accounts: true, goog:chromeOptions: {debuggerAddress: localhost:53943}, goog:processID: 21944, networkConnectionEnabled: false, pageLoadStrategy: normal, platformName: windows, proxy: Proxy(), se:cdp: ws://localhost:53943/devtoo..., se:cdpVersion: 154.0.8037.59, setWindowRect: true, strictFileInteractability: false, timeouts: {implicit: 0, pageLoad: 300000, script: 30000}, unhandledPromptBehavior: dismiss and notify, webauthn:extension:cmtgKey: true, webauthn:extension:credBlob: true, webauthn:extension:largeBlob: true, webauthn:extension:minPinLength: true, webauthn:extension:prf: true, webauthn:virtualAuthenticators: true}
Session ID: 5db174dad53efb74fa96f9f0f2f1a2e1
	at org.openqa.selenium.support.ui.WebDriverWait.timeoutException(WebDriverWait.java:84)
	at org.openqa.selenium.support.ui.FluentWait.until(FluentWait.java:228)
	at com.cura.pages.BasePage.click(BasePage.java:19)
	at com.cura.pages.AppointmentPage.setReadmission(AppointmentPage.java:29)
	at com.cura.tests.CuraAppointmentTest.parameterizedAppointmentTest(CuraAppointmentTest.java:29)
	at java.base/jdk.internal.reflect.NativeMethodAccessorImpl.invoke0(Native Method)
	at java.base/jdk.internal.reflect.NativeMethodAccessorImpl.invoke(NativeMethodAccessorImpl.java:77)
	at java.base/jdk.internal.reflect.DelegatingMethodAccessorImpl.invoke(DelegatingMethodAccessorImpl.java:43)
	at java.base/java.lang.reflect.Method.invoke(Method.java:569)
	at org.testng.internal.invokers.MethodInvocationHelper.invokeMethod(MethodInvocationHelper.java:141)
	at org.testng.internal.invokers.TestInvoker.invokeMethod(TestInvoker.java:686)
	at org.testng.internal.invokers.TestInvoker.retryFailed(TestInvoker.java:269)
	at org.testng.internal.invokers.MethodRunner.runInSequence(MethodRunner.java:76)
	at org.testng.internal.invokers.TestInvoker$MethodInvocationAgent.invoke(TestInvoker.java:992)
	at org.testng.internal.invokers.TestInvoker.invokeTestMethods(TestInvoker.java:203)
	at org.testng.internal.invokers.TestMethodWorker.invokeTestMethods(TestMethodWorker.java:154)
	at org.testng.internal.invokers.TestMethodWorker.run(TestMethodWorker.java:134)
	at java.base/java.util.ArrayList.forEach(ArrayList.java:1511)
	at org.testng.TestRunner.privateRun(TestRunner.java:739)
	at org.testng.TestRunner.run(TestRunner.java:614)
	at org.testng.SuiteRunner.runTest(SuiteRunner.java:421)
	at org.testng.SuiteRunner.runSequentially(SuiteRunner.java:413)
	at org.testng.SuiteRunner.privateRun(SuiteRunner.java:373)
	at org.testng.SuiteRunner.run(SuiteRunner.java:312)
	at org.testng.SuiteRunnerWorker.runSuite(SuiteRunnerWorker.java:52)
	at org.testng.SuiteRunnerWorker.run(SuiteRunnerWorker.java:95)
	at org.testng.TestNG.runSuitesSequentially(TestNG.java:1274)
	at org.testng.TestNG.runSuitesLocally(TestNG.java:1208)
	at org.testng.TestNG.runSuites(TestNG.java:1112)
	at org.testng.TestNG.run(TestNG.java:1079)
	at org.apache.maven.surefire.testng.TestNGExecutor.run(TestNGExecutor.java:308)
	at org.apache.maven.surefire.testng.TestNGXmlTestSuite.execute(TestNGXmlTestSuite.java:71)
	at org.apache.maven.surefire.testng.TestNGProvider.invoke(TestNGProvider.java:113)
	at org.apache.maven.surefire.booter.ForkedBooter.runSuitesInProcess(ForkedBooter.java:385)
	at org.apache.maven.surefire.booter.ForkedBooter.execute(ForkedBooter.java:162)
	at org.apache.maven.surefire.booter.ForkedBooter.run(ForkedBooter.java:507)
	at org.apache.maven.surefire.booter.ForkedBooter.main(ForkedBooter.java:495)
2026-09-30 11:38:42 ERROR io.qameta.allure.AllureLifecycle - Could not add attachment: no test is running
2026-09-30 11:38:42 ERROR io.qameta.allure.AllureLifecycle - Could not add attachment: no test is running
2026-09-30 11:47:53 INFO  i.g.bonigarcia.wdm.WebDriverManager - Using chromedriver 154.0.8037.92 (resolved driver for Chrome 154)
2026-09-30 11:47:53 INFO  i.g.bonigarcia.wdm.WebDriverManager - Exporting webdriver.chrome.driver as C:\Users\Helius\.cache\selenium\chromedriver\win64\154.0.8037.92\chromedriver.exe
2026-09-30 11:47:56 INFO  com.cura.listeners.TestListener - START: dataDrivenAppointmentTest
2026-09-30 11:48:13 INFO  i.g.bonigarcia.wdm.WebDriverManager - Using chromedriver 154.0.8037.92 (resolved driver for Chrome 154)
2026-09-30 11:48:13 INFO  i.g.bonigarcia.wdm.WebDriverManager - Exporting webdriver.chrome.driver as C:\Users\Helius\.cache\selenium\chromedriver\win64\154.0.8037.92\chromedriver.exe
2026-09-30 11:48:16 INFO  com.cura.listeners.TestListener - START: dataDrivenAppointmentTest
2026-09-30 11:48:33 ERROR com.cura.listeners.TestListener - FAIL: dataDrivenAppointmentTest
org.openqa.selenium.TimeoutException: Expected condition failed: waiting for element to be clickable: By.cssSelector: input[name='hospital_readmission'][value='No'] (tried for 15 second(s) with 500 milliseconds interval)
Build info: version: '4.25.0', revision: '8a8aea2337'
System info: os.name: 'Windows 11', os.arch: 'amd64', os.version: '10.0', java.version: '17.0.20.1'
Driver info: org.openqa.selenium.chrome.ChromeDriver
Capabilities {acceptInsecureCerts: false, browserName: chrome, browserVersion: 154.0.8037.59, chrome: {chromedriverVersion: 154.0.8037.92 (334b65d254cc..., userDataDir: C:\Users\Helius\AppData\Loc...}, fedcm:accounts: true, goog:chromeOptions: {debuggerAddress: localhost:56982}, goog:processID: 16860, networkConnectionEnabled: false, pageLoadStrategy: normal, platformName: windows, proxy: Proxy(), se:cdp: ws://localhost:56982/devtoo..., se:cdpVersion: 154.0.8037.59, setWindowRect: true, strictFileInteractability: false, timeouts: {implicit: 0, pageLoad: 300000, script: 30000}, unhandledPromptBehavior: dismiss and notify, webauthn:extension:cmtgKey: true, webauthn:extension:credBlob: true, webauthn:extension:largeBlob: true, webauthn:extension:minPinLength: true, webauthn:extension:prf: true, webauthn:virtualAuthenticators: true}
Session ID: c2322b717b81a950945113b7417bd3f9
	at org.openqa.selenium.support.ui.WebDriverWait.timeoutException(WebDriverWait.java:84)
	at org.openqa.selenium.support.ui.FluentWait.until(FluentWait.java:228)
	at com.cura.pages.BasePage.click(BasePage.java:19)
	at com.cura.pages.AppointmentPage.setReadmission(AppointmentPage.java:29)
	at com.cura.tests.CuraAppointmentTest.dataDrivenAppointmentTest(CuraAppointmentTest.java:58)
	at java.base/jdk.internal.reflect.NativeMethodAccessorImpl.invoke0(Native Method)
	at java.base/jdk.internal.reflect.NativeMethodAccessorImpl.invoke(NativeMethodAccessorImpl.java:77)
	at java.base/jdk.internal.reflect.DelegatingMethodAccessorImpl.invoke(DelegatingMethodAccessorImpl.java:43)
	at java.base/java.lang.reflect.Method.invoke(Method.java:569)
	at org.testng.internal.invokers.MethodInvocationHelper.invokeMethod(MethodInvocationHelper.java:141)
	at org.testng.internal.invokers.TestInvoker.invokeMethod(TestInvoker.java:686)
	at org.testng.internal.invokers.TestInvoker.retryFailed(TestInvoker.java:269)
	at org.testng.internal.invokers.MethodRunner.runInSequence(MethodRunner.java:76)
	at org.testng.internal.invokers.TestInvoker$MethodInvocationAgent.invoke(TestInvoker.java:992)
	at org.testng.internal.invokers.TestInvoker.invokeTestMethods(TestInvoker.java:203)
	at org.testng.internal.invokers.TestMethodWorker.invokeTestMethods(TestMethodWorker.java:154)
	at org.testng.internal.invokers.TestMethodWorker.run(TestMethodWorker.java:134)
	at java.base/java.util.ArrayList.forEach(ArrayList.java:1511)
	at org.testng.TestRunner.privateRun(TestRunner.java:739)
	at org.testng.TestRunner.run(TestRunner.java:614)
	at org.testng.SuiteRunner.runTest(SuiteRunner.java:421)
	at org.testng.SuiteRunner.runSequentially(SuiteRunner.java:413)
	at org.testng.SuiteRunner.privateRun(SuiteRunner.java:373)
	at org.testng.SuiteRunner.run(SuiteRunner.java:312)
	at org.testng.SuiteRunnerWorker.runSuite(SuiteRunnerWorker.java:52)
	at org.testng.SuiteRunnerWorker.run(SuiteRunnerWorker.java:95)
	at org.testng.TestNG.runSuitesSequentially(TestNG.java:1274)
	at org.testng.TestNG.runSuitesLocally(TestNG.java:1208)
	at org.testng.TestNG.runSuites(TestNG.java:1112)
	at org.testng.TestNG.run(TestNG.java:1079)
	at org.apache.maven.surefire.testng.TestNGExecutor.run(TestNGExecutor.java:308)
	at org.apache.maven.surefire.testng.TestNGXmlTestSuite.execute(TestNGXmlTestSuite.java:71)
	at org.apache.maven.surefire.testng.TestNGProvider.invoke(TestNGProvider.java:113)
	at org.apache.maven.surefire.booter.ForkedBooter.runSuitesInProcess(ForkedBooter.java:385)
	at org.apache.maven.surefire.booter.ForkedBooter.execute(ForkedBooter.java:162)
	at org.apache.maven.surefire.booter.ForkedBooter.run(ForkedBooter.java:507)
	at org.apache.maven.surefire.booter.ForkedBooter.main(ForkedBooter.java:495)
2026-09-30 11:48:33 ERROR io.qameta.allure.AllureLifecycle - Could not add attachment: no test is running
2026-09-30 11:48:33 ERROR io.qameta.allure.AllureLifecycle - Could not add attachment: no test is running
2026-09-30 11:48:33 INFO  i.g.bonigarcia.wdm.WebDriverManager - Using chromedriver 154.0.8037.92 (resolved driver for Chrome 154)
2026-09-30 11:48:33 INFO  i.g.bonigarcia.wdm.WebDriverManager - Exporting webdriver.chrome.driver as C:\Users\Helius\.cache\selenium\chromedriver\win64\154.0.8037.92\chromedriver.exe
2026-09-30 11:48:36 INFO  com.cura.listeners.TestListener - START: dataDrivenAppointmentTest
2026-09-30 11:48:38 INFO  com.cura.listeners.TestListener - PASS: dataDrivenAppointmentTest
2026-09-30 11:48:38 INFO  i.g.bonigarcia.wdm.WebDriverManager - Using chromedriver 154.0.8037.92 (resolved driver for Chrome 154)
2026-09-30 11:48:38 INFO  i.g.bonigarcia.wdm.WebDriverManager - Exporting webdriver.chrome.driver as C:\Users\Helius\.cache\selenium\chromedriver\win64\154.0.8037.92\chromedriver.exe
2026-09-30 11:48:41 INFO  com.cura.listeners.TestListener - START: dataDrivenAppointmentTest
2026-09-30 11:48:58 INFO  i.g.bonigarcia.wdm.WebDriverManager - Using chromedriver 154.0.8037.92 (resolved driver for Chrome 154)
2026-09-30 11:48:58 INFO  i.g.bonigarcia.wdm.WebDriverManager - Exporting webdriver.chrome.driver as C:\Users\Helius\.cache\selenium\chromedriver\win64\154.0.8037.92\chromedriver.exe
2026-09-30 11:49:01 INFO  com.cura.listeners.TestListener - START: dataDrivenAppointmentTest
2026-09-30 11:49:18 ERROR com.cura.listeners.TestListener - FAIL: dataDrivenAppointmentTest
org.openqa.selenium.TimeoutException: Expected condition failed: waiting for element to be clickable: By.cssSelector: input[name='hospital_readmission'][value='No'] (tried for 15 second(s) with 500 milliseconds interval)
Build info: version: '4.25.0', revision: '8a8aea2337'
System info: os.name: 'Windows 11', os.arch: 'amd64', os.version: '10.0', java.version: '17.0.20.1'
Driver info: org.openqa.selenium.chrome.ChromeDriver
Capabilities {acceptInsecureCerts: false, browserName: chrome, browserVersion: 154.0.8037.59, chrome: {chromedriverVersion: 154.0.8037.92 (334b65d254cc..., userDataDir: C:\Users\Helius\AppData\Loc...}, fedcm:accounts: true, goog:chromeOptions: {debuggerAddress: localhost:55070}, goog:processID: 24188, networkConnectionEnabled: false, pageLoadStrategy: normal, platformName: windows, proxy: Proxy(), se:cdp: ws://localhost:55070/devtoo..., se:cdpVersion: 154.0.8037.59, setWindowRect: true, strictFileInteractability: false, timeouts: {implicit: 0, pageLoad: 300000, script: 30000}, unhandledPromptBehavior: dismiss and notify, webauthn:extension:cmtgKey: true, webauthn:extension:credBlob: true, webauthn:extension:largeBlob: true, webauthn:extension:minPinLength: true, webauthn:extension:prf: true, webauthn:virtualAuthenticators: true}
Session ID: 48a764591d265073427c127ef52a8814
	at org.openqa.selenium.support.ui.WebDriverWait.timeoutException(WebDriverWait.java:84)
	at org.openqa.selenium.support.ui.FluentWait.until(FluentWait.java:228)
	at com.cura.pages.BasePage.click(BasePage.java:19)
	at com.cura.pages.AppointmentPage.setReadmission(AppointmentPage.java:29)
	at com.cura.tests.CuraAppointmentTest.dataDrivenAppointmentTest(CuraAppointmentTest.java:58)
	at java.base/jdk.internal.reflect.NativeMethodAccessorImpl.invoke0(Native Method)
	at java.base/jdk.internal.reflect.NativeMethodAccessorImpl.invoke(NativeMethodAccessorImpl.java:77)
	at java.base/jdk.internal.reflect.DelegatingMethodAccessorImpl.invoke(DelegatingMethodAccessorImpl.java:43)
	at java.base/java.lang.reflect.Method.invoke(Method.java:569)
	at org.testng.internal.invokers.MethodInvocationHelper.invokeMethod(MethodInvocationHelper.java:141)
	at org.testng.internal.invokers.TestInvoker.invokeMethod(TestInvoker.java:686)
	at org.testng.internal.invokers.TestInvoker.retryFailed(TestInvoker.java:269)
	at org.testng.internal.invokers.MethodRunner.runInSequence(MethodRunner.java:76)
	at org.testng.internal.invokers.TestInvoker$MethodInvocationAgent.invoke(TestInvoker.java:992)
	at org.testng.internal.invokers.TestInvoker.invokeTestMethods(TestInvoker.java:203)
	at org.testng.internal.invokers.TestMethodWorker.invokeTestMethods(TestMethodWorker.java:154)
	at org.testng.internal.invokers.TestMethodWorker.run(TestMethodWorker.java:134)
	at java.base/java.util.ArrayList.forEach(ArrayList.java:1511)
	at org.testng.TestRunner.privateRun(TestRunner.java:739)
	at org.testng.TestRunner.run(TestRunner.java:614)
	at org.testng.SuiteRunner.runTest(SuiteRunner.java:421)
	at org.testng.SuiteRunner.runSequentially(SuiteRunner.java:413)
	at org.testng.SuiteRunner.privateRun(SuiteRunner.java:373)
	at org.testng.SuiteRunner.run(SuiteRunner.java:312)
	at org.testng.SuiteRunnerWorker.runSuite(SuiteRunnerWorker.java:52)
	at org.testng.SuiteRunnerWorker.run(SuiteRunnerWorker.java:95)
	at org.testng.TestNG.runSuitesSequentially(TestNG.java:1274)
	at org.testng.TestNG.runSuitesLocally(TestNG.java:1208)
	at org.testng.TestNG.runSuites(TestNG.java:1112)
	at org.testng.TestNG.run(TestNG.java:1079)
	at org.apache.maven.surefire.testng.TestNGExecutor.run(TestNGExecutor.java:308)
	at org.apache.maven.surefire.testng.TestNGXmlTestSuite.execute(TestNGXmlTestSuite.java:71)
	at org.apache.maven.surefire.testng.TestNGProvider.invoke(TestNGProvider.java:113)
	at org.apache.maven.surefire.booter.ForkedBooter.runSuitesInProcess(ForkedBooter.java:385)
	at org.apache.maven.surefire.booter.ForkedBooter.execute(ForkedBooter.java:162)
	at org.apache.maven.surefire.booter.ForkedBooter.run(ForkedBooter.java:507)
	at org.apache.maven.surefire.booter.ForkedBooter.main(ForkedBooter.java:495)
2026-09-30 11:49:18 ERROR io.qameta.allure.AllureLifecycle - Could not add attachment: no test is running
2026-09-30 11:49:18 ERROR io.qameta.allure.AllureLifecycle - Could not add attachment: no test is running
2026-09-30 11:49:18 INFO  i.g.bonigarcia.wdm.WebDriverManager - Using chromedriver 154.0.8037.92 (resolved driver for Chrome 154)
2026-09-30 11:49:18 INFO  i.g.bonigarcia.wdm.WebDriverManager - Exporting webdriver.chrome.driver as C:\Users\Helius\.cache\selenium\chromedriver\win64\154.0.8037.92\chromedriver.exe
2026-09-30 11:49:21 INFO  com.cura.listeners.TestListener - START: parameterizedAppointmentTest
2026-09-30 11:49:38 INFO  i.g.bonigarcia.wdm.WebDriverManager - Using chromedriver 154.0.8037.92 (resolved driver for Chrome 154)
2026-09-30 11:49:38 INFO  i.g.bonigarcia.wdm.WebDriverManager - Exporting webdriver.chrome.driver as C:\Users\Helius\.cache\selenium\chromedriver\win64\154.0.8037.92\chromedriver.exe
2026-09-30 11:49:41 INFO  com.cura.listeners.TestListener - START: parameterizedAppointmentTest
2026-09-30 11:49:57 ERROR com.cura.listeners.TestListener - FAIL: parameterizedAppointmentTest
org.openqa.selenium.TimeoutException: Expected condition failed: waiting for element to be clickable: By.cssSelector: input[name='hospital_readmission'][value='No'] (tried for 15 second(s) with 500 milliseconds interval)
Build info: version: '4.25.0', revision: '8a8aea2337'
System info: os.name: 'Windows 11', os.arch: 'amd64', os.version: '10.0', java.version: '17.0.20.1'
Driver info: org.openqa.selenium.chrome.ChromeDriver
Capabilities {acceptInsecureCerts: false, browserName: chrome, browserVersion: 154.0.8037.59, chrome: {chromedriverVersion: 154.0.8037.92 (334b65d254cc..., userDataDir: C:\Users\Helius\AppData\Loc...}, fedcm:accounts: true, goog:chromeOptions: {debuggerAddress: localhost:53805}, goog:processID: 18876, networkConnectionEnabled: false, pageLoadStrategy: normal, platformName: windows, proxy: Proxy(), se:cdp: ws://localhost:53805/devtoo..., se:cdpVersion: 154.0.8037.59, setWindowRect: true, strictFileInteractability: false, timeouts: {implicit: 0, pageLoad: 300000, script: 30000}, unhandledPromptBehavior: dismiss and notify, webauthn:extension:cmtgKey: true, webauthn:extension:credBlob: true, webauthn:extension:largeBlob: true, webauthn:extension:minPinLength: true, webauthn:extension:prf: true, webauthn:virtualAuthenticators: true}
Session ID: 83c8ca38cd24ac0d6c4dd46f9661ffa6
	at org.openqa.selenium.support.ui.WebDriverWait.timeoutException(WebDriverWait.java:84)
	at org.openqa.selenium.support.ui.FluentWait.until(FluentWait.java:228)
	at com.cura.pages.BasePage.click(BasePage.java:19)
	at com.cura.pages.AppointmentPage.setReadmission(AppointmentPage.java:29)
	at com.cura.tests.CuraAppointmentTest.parameterizedAppointmentTest(CuraAppointmentTest.java:29)
	at java.base/jdk.internal.reflect.NativeMethodAccessorImpl.invoke0(Native Method)
	at java.base/jdk.internal.reflect.NativeMethodAccessorImpl.invoke(NativeMethodAccessorImpl.java:77)
	at java.base/jdk.internal.reflect.DelegatingMethodAccessorImpl.invoke(DelegatingMethodAccessorImpl.java:43)
	at java.base/java.lang.reflect.Method.invoke(Method.java:569)
	at org.testng.internal.invokers.MethodInvocationHelper.invokeMethod(MethodInvocationHelper.java:141)
	at org.testng.internal.invokers.TestInvoker.invokeMethod(TestInvoker.java:686)
	at org.testng.internal.invokers.TestInvoker.retryFailed(TestInvoker.java:269)
	at org.testng.internal.invokers.MethodRunner.runInSequence(MethodRunner.java:76)
	at org.testng.internal.invokers.TestInvoker$MethodInvocationAgent.invoke(TestInvoker.java:992)
	at org.testng.internal.invokers.TestInvoker.invokeTestMethods(TestInvoker.java:203)
	at org.testng.internal.invokers.TestMethodWorker.invokeTestMethods(TestMethodWorker.java:154)
	at org.testng.internal.invokers.TestMethodWorker.run(TestMethodWorker.java:134)
	at java.base/java.util.ArrayList.forEach(ArrayList.java:1511)
	at org.testng.TestRunner.privateRun(TestRunner.java:739)
	at org.testng.TestRunner.run(TestRunner.java:614)
	at org.testng.SuiteRunner.runTest(SuiteRunner.java:421)
	at org.testng.SuiteRunner.runSequentially(SuiteRunner.java:413)
	at org.testng.SuiteRunner.privateRun(SuiteRunner.java:373)
	at org.testng.SuiteRunner.run(SuiteRunner.java:312)
	at org.testng.SuiteRunnerWorker.runSuite(SuiteRunnerWorker.java:52)
	at org.testng.SuiteRunnerWorker.run(SuiteRunnerWorker.java:95)
	at org.testng.TestNG.runSuitesSequentially(TestNG.java:1274)
	at org.testng.TestNG.runSuitesLocally(TestNG.java:1208)
	at org.testng.TestNG.runSuites(TestNG.java:1112)
	at org.testng.TestNG.run(TestNG.java:1079)
	at org.apache.maven.surefire.testng.TestNGExecutor.run(TestNGExecutor.java:308)
	at org.apache.maven.surefire.testng.TestNGXmlTestSuite.execute(TestNGXmlTestSuite.java:71)
	at org.apache.maven.surefire.testng.TestNGProvider.invoke(TestNGProvider.java:113)
	at org.apache.maven.surefire.booter.ForkedBooter.runSuitesInProcess(ForkedBooter.java:385)
	at org.apache.maven.surefire.booter.ForkedBooter.execute(ForkedBooter.java:162)
	at org.apache.maven.surefire.booter.ForkedBooter.run(ForkedBooter.java:507)
	at org.apache.maven.surefire.booter.ForkedBooter.main(ForkedBooter.java:495)
2026-09-30 11:49:57 ERROR io.qameta.allure.AllureLifecycle - Could not add attachment: no test is running
2026-09-30 11:49:57 ERROR io.qameta.allure.AllureLifecycle - Could not add attachment: no test is running
2026-09-30 11:56:29 INFO  i.g.bonigarcia.wdm.WebDriverManager - Using chromedriver 154.0.8037.92 (resolved driver for Chrome 154)
2026-09-30 11:56:29 INFO  i.g.bonigarcia.wdm.WebDriverManager - Exporting webdriver.chrome.driver as C:\Users\Helius\.cache\selenium\chromedriver\win64\154.0.8037.92\chromedriver.exe
2026-09-30 11:56:34 INFO  com.cura.listeners.TestListener - START: dataDrivenAppointmentTest
2026-09-30 11:57:05 INFO  i.g.bonigarcia.wdm.WebDriverManager - Using chromedriver 154.0.8037.92 (resolved driver for Chrome 154)
2026-09-30 11:57:05 INFO  i.g.bonigarcia.wdm.WebDriverManager - Exporting webdriver.chrome.driver as C:\Users\Helius\.cache\selenium\chromedriver\win64\154.0.8037.92\chromedriver.exe
2026-09-30 11:57:09 INFO  com.cura.listeners.TestListener - START: dataDrivenAppointmentTest
2026-09-30 11:57:40 ERROR com.cura.listeners.TestListener - FAIL: dataDrivenAppointmentTest
org.openqa.selenium.TimeoutException: Expected condition failed: waiting for element to be clickable: By.cssSelector: input[name='hospital_readmission'][value='No'] (tried for 30 second(s) with 500 milliseconds interval)
Build info: version: '4.25.0', revision: '8a8aea2337'
System info: os.name: 'Windows 11', os.arch: 'amd64', os.version: '10.0', java.version: '17.0.20.1'
Driver info: org.openqa.selenium.chrome.ChromeDriver
Capabilities {acceptInsecureCerts: false, browserName: chrome, browserVersion: 154.0.8037.59, chrome: {chromedriverVersion: 154.0.8037.92 (334b65d254cc..., userDataDir: C:\Users\Helius\AppData\Loc...}, fedcm:accounts: true, goog:chromeOptions: {debuggerAddress: localhost:58715}, goog:processID: 13124, networkConnectionEnabled: false, pageLoadStrategy: normal, platformName: windows, proxy: Proxy(), se:cdp: ws://localhost:58715/devtoo..., se:cdpVersion: 154.0.8037.59, setWindowRect: true, strictFileInteractability: false, timeouts: {implicit: 0, pageLoad: 300000, script: 30000}, unhandledPromptBehavior: dismiss and notify, webauthn:extension:cmtgKey: true, webauthn:extension:credBlob: true, webauthn:extension:largeBlob: true, webauthn:extension:minPinLength: true, webauthn:extension:prf: true, webauthn:virtualAuthenticators: true}
Session ID: 4250b0b971cfee415ca62cc7c27afeb8
	at org.openqa.selenium.support.ui.WebDriverWait.timeoutException(WebDriverWait.java:84)
	at org.openqa.selenium.support.ui.FluentWait.until(FluentWait.java:228)
	at com.cura.pages.BasePage.click(BasePage.java:19)
	at com.cura.pages.AppointmentPage.setReadmission(AppointmentPage.java:29)
	at com.cura.tests.CuraAppointmentTest.dataDrivenAppointmentTest(CuraAppointmentTest.java:58)
	at java.base/jdk.internal.reflect.NativeMethodAccessorImpl.invoke0(Native Method)
	at java.base/jdk.internal.reflect.NativeMethodAccessorImpl.invoke(NativeMethodAccessorImpl.java:77)
	at java.base/jdk.internal.reflect.DelegatingMethodAccessorImpl.invoke(DelegatingMethodAccessorImpl.java:43)
	at java.base/java.lang.reflect.Method.invoke(Method.java:569)
	at org.testng.internal.invokers.MethodInvocationHelper.invokeMethod(MethodInvocationHelper.java:141)
	at org.testng.internal.invokers.TestInvoker.invokeMethod(TestInvoker.java:686)
	at org.testng.internal.invokers.TestInvoker.retryFailed(TestInvoker.java:269)
	at org.testng.internal.invokers.MethodRunner.runInSequence(MethodRunner.java:76)
	at org.testng.internal.invokers.TestInvoker$MethodInvocationAgent.invoke(TestInvoker.java:992)
	at org.testng.internal.invokers.TestInvoker.invokeTestMethods(TestInvoker.java:203)
	at org.testng.internal.invokers.TestMethodWorker.invokeTestMethods(TestMethodWorker.java:154)
	at org.testng.internal.invokers.TestMethodWorker.run(TestMethodWorker.java:134)
	at java.base/java.util.ArrayList.forEach(ArrayList.java:1511)
	at org.testng.TestRunner.privateRun(TestRunner.java:739)
	at org.testng.TestRunner.run(TestRunner.java:614)
	at org.testng.SuiteRunner.runTest(SuiteRunner.java:421)
	at org.testng.SuiteRunner.runSequentially(SuiteRunner.java:413)
	at org.testng.SuiteRunner.privateRun(SuiteRunner.java:373)
	at org.testng.SuiteRunner.run(SuiteRunner.java:312)
	at org.testng.SuiteRunnerWorker.runSuite(SuiteRunnerWorker.java:52)
	at org.testng.SuiteRunnerWorker.run(SuiteRunnerWorker.java:95)
	at org.testng.TestNG.runSuitesSequentially(TestNG.java:1274)
	at org.testng.TestNG.runSuitesLocally(TestNG.java:1208)
	at org.testng.TestNG.runSuites(TestNG.java:1112)
	at org.testng.TestNG.run(TestNG.java:1079)
	at org.apache.maven.surefire.testng.TestNGExecutor.run(TestNGExecutor.java:308)
	at org.apache.maven.surefire.testng.TestNGXmlTestSuite.execute(TestNGXmlTestSuite.java:71)
	at org.apache.maven.surefire.testng.TestNGProvider.invoke(TestNGProvider.java:113)
	at org.apache.maven.surefire.booter.ForkedBooter.runSuitesInProcess(ForkedBooter.java:385)
	at org.apache.maven.surefire.booter.ForkedBooter.execute(ForkedBooter.java:162)
	at org.apache.maven.surefire.booter.ForkedBooter.run(ForkedBooter.java:507)
	at org.apache.maven.surefire.booter.ForkedBooter.main(ForkedBooter.java:495)
2026-09-30 11:57:40 ERROR io.qameta.allure.AllureLifecycle - Could not add attachment: no test is running
2026-09-30 11:57:40 ERROR io.qameta.allure.AllureLifecycle - Could not add attachment: no test is running
2026-09-30 11:57:41 INFO  i.g.bonigarcia.wdm.WebDriverManager - Using chromedriver 154.0.8037.92 (resolved driver for Chrome 154)
2026-09-30 11:57:41 INFO  i.g.bonigarcia.wdm.WebDriverManager - Exporting webdriver.chrome.driver as C:\Users\Helius\.cache\selenium\chromedriver\win64\154.0.8037.92\chromedriver.exe
2026-09-30 11:57:44 INFO  com.cura.listeners.TestListener - START: dataDrivenAppointmentTest
2026-09-30 11:57:46 INFO  com.cura.listeners.TestListener - PASS: dataDrivenAppointmentTest
2026-09-30 11:57:46 INFO  i.g.bonigarcia.wdm.WebDriverManager - Using chromedriver 154.0.8037.92 (resolved driver for Chrome 154)
2026-09-30 11:57:46 INFO  i.g.bonigarcia.wdm.WebDriverManager - Exporting webdriver.chrome.driver as C:\Users\Helius\.cache\selenium\chromedriver\win64\154.0.8037.92\chromedriver.exe
2026-09-30 11:57:49 INFO  com.cura.listeners.TestListener - START: dataDrivenAppointmentTest
2026-09-30 11:58:22 INFO  i.g.bonigarcia.wdm.WebDriverManager - Using chromedriver 154.0.8037.92 (resolved driver for Chrome 154)
2026-09-30 11:58:22 INFO  i.g.bonigarcia.wdm.WebDriverManager - Exporting webdriver.chrome.driver as C:\Users\Helius\.cache\selenium\chromedriver\win64\154.0.8037.92\chromedriver.exe
2026-09-30 11:58:25 INFO  com.cura.listeners.TestListener - START: dataDrivenAppointmentTest
2026-09-30 11:58:56 ERROR com.cura.listeners.TestListener - FAIL: dataDrivenAppointmentTest
org.openqa.selenium.TimeoutException: Expected condition failed: waiting for element to be clickable: By.cssSelector: input[name='hospital_readmission'][value='No'] (tried for 30 second(s) with 500 milliseconds interval)
Build info: version: '4.25.0', revision: '8a8aea2337'
System info: os.name: 'Windows 11', os.arch: 'amd64', os.version: '10.0', java.version: '17.0.20.1'
Driver info: org.openqa.selenium.chrome.ChromeDriver
Capabilities {acceptInsecureCerts: false, browserName: chrome, browserVersion: 154.0.8037.59, chrome: {chromedriverVersion: 154.0.8037.92 (334b65d254cc..., userDataDir: C:\Users\Helius\AppData\Loc...}, fedcm:accounts: true, goog:chromeOptions: {debuggerAddress: localhost:49679}, goog:processID: 24012, networkConnectionEnabled: false, pageLoadStrategy: normal, platformName: windows, proxy: Proxy(), se:cdp: ws://localhost:49679/devtoo..., se:cdpVersion: 154.0.8037.59, setWindowRect: true, strictFileInteractability: false, timeouts: {implicit: 0, pageLoad: 300000, script: 30000}, unhandledPromptBehavior: dismiss and notify, webauthn:extension:cmtgKey: true, webauthn:extension:credBlob: true, webauthn:extension:largeBlob: true, webauthn:extension:minPinLength: true, webauthn:extension:prf: true, webauthn:virtualAuthenticators: true}
Session ID: c5bff80026adaa2aaad5b2259ffd702d
	at org.openqa.selenium.support.ui.WebDriverWait.timeoutException(WebDriverWait.java:84)
	at org.openqa.selenium.support.ui.FluentWait.until(FluentWait.java:228)
	at com.cura.pages.BasePage.click(BasePage.java:19)
	at com.cura.pages.AppointmentPage.setReadmission(AppointmentPage.java:29)
	at com.cura.tests.CuraAppointmentTest.dataDrivenAppointmentTest(CuraAppointmentTest.java:58)
	at java.base/jdk.internal.reflect.NativeMethodAccessorImpl.invoke0(Native Method)
	at java.base/jdk.internal.reflect.NativeMethodAccessorImpl.invoke(NativeMethodAccessorImpl.java:77)
	at java.base/jdk.internal.reflect.DelegatingMethodAccessorImpl.invoke(DelegatingMethodAccessorImpl.java:43)
	at java.base/java.lang.reflect.Method.invoke(Method.java:569)
	at org.testng.internal.invokers.MethodInvocationHelper.invokeMethod(MethodInvocationHelper.java:141)
	at org.testng.internal.invokers.TestInvoker.invokeMethod(TestInvoker.java:686)
	at org.testng.internal.invokers.TestInvoker.retryFailed(TestInvoker.java:269)
	at org.testng.internal.invokers.MethodRunner.runInSequence(MethodRunner.java:76)
	at org.testng.internal.invokers.TestInvoker$MethodInvocationAgent.invoke(TestInvoker.java:992)
	at org.testng.internal.invokers.TestInvoker.invokeTestMethods(TestInvoker.java:203)
	at org.testng.internal.invokers.TestMethodWorker.invokeTestMethods(TestMethodWorker.java:154)
	at org.testng.internal.invokers.TestMethodWorker.run(TestMethodWorker.java:134)
	at java.base/java.util.ArrayList.forEach(ArrayList.java:1511)
	at org.testng.TestRunner.privateRun(TestRunner.java:739)
	at org.testng.TestRunner.run(TestRunner.java:614)
	at org.testng.SuiteRunner.runTest(SuiteRunner.java:421)
	at org.testng.SuiteRunner.runSequentially(SuiteRunner.java:413)
	at org.testng.SuiteRunner.privateRun(SuiteRunner.java:373)
	at org.testng.SuiteRunner.run(SuiteRunner.java:312)
	at org.testng.SuiteRunnerWorker.runSuite(SuiteRunnerWorker.java:52)
	at org.testng.SuiteRunnerWorker.run(SuiteRunnerWorker.java:95)
	at org.testng.TestNG.runSuitesSequentially(TestNG.java:1274)
	at org.testng.TestNG.runSuitesLocally(TestNG.java:1208)
	at org.testng.TestNG.runSuites(TestNG.java:1112)
	at org.testng.TestNG.run(TestNG.java:1079)
	at org.apache.maven.surefire.testng.TestNGExecutor.run(TestNGExecutor.java:308)
	at org.apache.maven.surefire.testng.TestNGXmlTestSuite.execute(TestNGXmlTestSuite.java:71)
	at org.apache.maven.surefire.testng.TestNGProvider.invoke(TestNGProvider.java:113)
	at org.apache.maven.surefire.booter.ForkedBooter.runSuitesInProcess(ForkedBooter.java:385)
	at org.apache.maven.surefire.booter.ForkedBooter.execute(ForkedBooter.java:162)
	at org.apache.maven.surefire.booter.ForkedBooter.run(ForkedBooter.java:507)
	at org.apache.maven.surefire.booter.ForkedBooter.main(ForkedBooter.java:495)
2026-09-30 11:58:56 ERROR io.qameta.allure.AllureLifecycle - Could not add attachment: no test is running
2026-09-30 11:58:56 ERROR io.qameta.allure.AllureLifecycle - Could not add attachment: no test is running
2026-09-30 11:58:57 INFO  i.g.bonigarcia.wdm.WebDriverManager - Using chromedriver 154.0.8037.92 (resolved driver for Chrome 154)
2026-09-30 11:58:57 INFO  i.g.bonigarcia.wdm.WebDriverManager - Exporting webdriver.chrome.driver as C:\Users\Helius\.cache\selenium\chromedriver\win64\154.0.8037.92\chromedriver.exe
2026-09-30 11:59:00 INFO  com.cura.listeners.TestListener - START: parameterizedAppointmentTest
2026-09-30 11:59:31 INFO  i.g.bonigarcia.wdm.WebDriverManager - Using chromedriver 154.0.8037.92 (resolved driver for Chrome 154)
2026-09-30 11:59:31 INFO  i.g.bonigarcia.wdm.WebDriverManager - Exporting webdriver.chrome.driver as C:\Users\Helius\.cache\selenium\chromedriver\win64\154.0.8037.92\chromedriver.exe
2026-09-30 11:59:34 INFO  com.cura.listeners.TestListener - START: parameterizedAppointmentTest
2026-09-30 12:00:05 ERROR com.cura.listeners.TestListener - FAIL: parameterizedAppointmentTest
org.openqa.selenium.TimeoutException: Expected condition failed: waiting for element to be clickable: By.cssSelector: input[name='hospital_readmission'][value='No'] (tried for 30 second(s) with 500 milliseconds interval)
Build info: version: '4.25.0', revision: '8a8aea2337'
System info: os.name: 'Windows 11', os.arch: 'amd64', os.version: '10.0', java.version: '17.0.20.1'
Driver info: org.openqa.selenium.chrome.ChromeDriver
Capabilities {acceptInsecureCerts: false, browserName: chrome, browserVersion: 154.0.8037.59, chrome: {chromedriverVersion: 154.0.8037.92 (334b65d254cc..., userDataDir: C:\Users\Helius\AppData\Loc...}, fedcm:accounts: true, goog:chromeOptions: {debuggerAddress: localhost:50697}, goog:processID: 9100, networkConnectionEnabled: false, pageLoadStrategy: normal, platformName: windows, proxy: Proxy(), se:cdp: ws://localhost:50697/devtoo..., se:cdpVersion: 154.0.8037.59, setWindowRect: true, strictFileInteractability: false, timeouts: {implicit: 0, pageLoad: 300000, script: 30000}, unhandledPromptBehavior: dismiss and notify, webauthn:extension:cmtgKey: true, webauthn:extension:credBlob: true, webauthn:extension:largeBlob: true, webauthn:extension:minPinLength: true, webauthn:extension:prf: true, webauthn:virtualAuthenticators: true}
Session ID: dde2141cc8a4d7a53c6e61cb84b96078
	at org.openqa.selenium.support.ui.WebDriverWait.timeoutException(WebDriverWait.java:84)
	at org.openqa.selenium.support.ui.FluentWait.until(FluentWait.java:228)
	at com.cura.pages.BasePage.click(BasePage.java:19)
	at com.cura.pages.AppointmentPage.setReadmission(AppointmentPage.java:29)
	at com.cura.tests.CuraAppointmentTest.parameterizedAppointmentTest(CuraAppointmentTest.java:29)
	at java.base/jdk.internal.reflect.NativeMethodAccessorImpl.invoke0(Native Method)
	at java.base/jdk.internal.reflect.NativeMethodAccessorImpl.invoke(NativeMethodAccessorImpl.java:77)
	at java.base/jdk.internal.reflect.DelegatingMethodAccessorImpl.invoke(DelegatingMethodAccessorImpl.java:43)
	at java.base/java.lang.reflect.Method.invoke(Method.java:569)
	at org.testng.internal.invokers.MethodInvocationHelper.invokeMethod(MethodInvocationHelper.java:141)
	at org.testng.internal.invokers.TestInvoker.invokeMethod(TestInvoker.java:686)
	at org.testng.internal.invokers.TestInvoker.retryFailed(TestInvoker.java:269)
	at org.testng.internal.invokers.MethodRunner.runInSequence(MethodRunner.java:76)
	at org.testng.internal.invokers.TestInvoker$MethodInvocationAgent.invoke(TestInvoker.java:992)
	at org.testng.internal.invokers.TestInvoker.invokeTestMethods(TestInvoker.java:203)
	at org.testng.internal.invokers.TestMethodWorker.invokeTestMethods(TestMethodWorker.java:154)
	at org.testng.internal.invokers.TestMethodWorker.run(TestMethodWorker.java:134)
	at java.base/java.util.ArrayList.forEach(ArrayList.java:1511)
	at org.testng.TestRunner.privateRun(TestRunner.java:739)
	at org.testng.TestRunner.run(TestRunner.java:614)
	at org.testng.SuiteRunner.runTest(SuiteRunner.java:421)
	at org.testng.SuiteRunner.runSequentially(SuiteRunner.java:413)
	at org.testng.SuiteRunner.privateRun(SuiteRunner.java:373)
	at org.testng.SuiteRunner.run(SuiteRunner.java:312)
	at org.testng.SuiteRunnerWorker.runSuite(SuiteRunnerWorker.java:52)
	at org.testng.SuiteRunnerWorker.run(SuiteRunnerWorker.java:95)
	at org.testng.TestNG.runSuitesSequentially(TestNG.java:1274)
	at org.testng.TestNG.runSuitesLocally(TestNG.java:1208)
	at org.testng.TestNG.runSuites(TestNG.java:1112)
	at org.testng.TestNG.run(TestNG.java:1079)
	at org.apache.maven.surefire.testng.TestNGExecutor.run(TestNGExecutor.java:308)
	at org.apache.maven.surefire.testng.TestNGXmlTestSuite.execute(TestNGXmlTestSuite.java:71)
	at org.apache.maven.surefire.testng.TestNGProvider.invoke(TestNGProvider.java:113)
	at org.apache.maven.surefire.booter.ForkedBooter.runSuitesInProcess(ForkedBooter.java:385)
	at org.apache.maven.surefire.booter.ForkedBooter.execute(ForkedBooter.java:162)
	at org.apache.maven.surefire.booter.ForkedBooter.run(ForkedBooter.java:507)
	at org.apache.maven.surefire.booter.ForkedBooter.main(ForkedBooter.java:495)
2026-09-30 12:00:06 ERROR io.qameta.allure.AllureLifecycle - Could not add attachment: no test is running
2026-09-30 12:00:06 ERROR io.qameta.allure.AllureLifecycle - Could not add attachment: no test is running
2026-09-30 12:03:29 INFO  i.g.bonigarcia.wdm.WebDriverManager - Using chromedriver 154.0.8037.92 (resolved driver for Chrome 154)
2026-09-30 12:03:29 INFO  i.g.bonigarcia.wdm.WebDriverManager - Exporting webdriver.chrome.driver as C:\Users\Helius\.cache\selenium\chromedriver\win64\154.0.8037.92\chromedriver.exe
2026-09-30 12:03:33 INFO  com.cura.listeners.TestListener - START: dataDrivenAppointmentTest
2026-09-30 12:04:04 INFO  i.g.bonigarcia.wdm.WebDriverManager - Using chromedriver 154.0.8037.92 (resolved driver for Chrome 154)
2026-09-30 12:04:04 INFO  i.g.bonigarcia.wdm.WebDriverManager - Exporting webdriver.chrome.driver as C:\Users\Helius\.cache\selenium\chromedriver\win64\154.0.8037.92\chromedriver.exe
2026-09-30 12:04:08 INFO  com.cura.listeners.TestListener - START: dataDrivenAppointmentTest
2026-09-30 12:07:46 INFO  i.g.bonigarcia.wdm.WebDriverManager - Using chromedriver 154.0.8037.92 (resolved driver for Chrome 154)
2026-09-30 12:07:46 INFO  i.g.bonigarcia.wdm.WebDriverManager - Exporting webdriver.chrome.driver as C:\Users\Helius\.cache\selenium\chromedriver\win64\154.0.8037.92\chromedriver.exe
2026-09-30 12:07:49 INFO  com.cura.listeners.TestListener - START: dataDrivenAppointmentTest
2026-09-30 12:08:21 INFO  i.g.bonigarcia.wdm.WebDriverManager - Using chromedriver 154.0.8037.92 (resolved driver for Chrome 154)
2026-09-30 12:08:21 INFO  i.g.bonigarcia.wdm.WebDriverManager - Exporting webdriver.chrome.driver as C:\Users\Helius\.cache\selenium\chromedriver\win64\154.0.8037.92\chromedriver.exe
2026-09-30 12:08:24 INFO  com.cura.listeners.TestListener - START: dataDrivenAppointmentTest
2026-09-30 12:08:56 INFO  i.g.bonigarcia.wdm.WebDriverManager - Using chromedriver 154.0.8037.92 (resolved driver for Chrome 154)
2026-09-30 12:08:56 INFO  i.g.bonigarcia.wdm.WebDriverManager - Exporting webdriver.chrome.driver as C:\Users\Helius\.cache\selenium\chromedriver\win64\154.0.8037.92\chromedriver.exe
2026-09-30 12:08:59 INFO  com.cura.listeners.TestListener - START: dataDrivenAppointmentTest
2026-09-30 12:09:31 ERROR com.cura.listeners.TestListener - FAIL: dataDrivenAppointmentTest
org.openqa.selenium.TimeoutException: Expected condition failed: waiting for element to be clickable: By.cssSelector: input[name='hospital_readmission'][value='No'] (tried for 30 second(s) with 500 milliseconds interval)
Build info: version: '4.25.0', revision: '8a8aea2337'
System info: os.name: 'Windows 11', os.arch: 'amd64', os.version: '10.0', java.version: '17.0.20.1'
Driver info: org.openqa.selenium.chrome.ChromeDriver
Capabilities {acceptInsecureCerts: false, browserName: chrome, browserVersion: 154.0.8037.59, chrome: {chromedriverVersion: 154.0.8037.92 (334b65d254cc..., userDataDir: C:\Users\Helius\AppData\Loc...}, fedcm:accounts: true, goog:chromeOptions: {debuggerAddress: localhost:52058}, goog:processID: 15176, networkConnectionEnabled: false, pageLoadStrategy: normal, platformName: windows, proxy: Proxy(), se:cdp: ws://localhost:52058/devtoo..., se:cdpVersion: 154.0.8037.59, setWindowRect: true, strictFileInteractability: false, timeouts: {implicit: 0, pageLoad: 300000, script: 30000}, unhandledPromptBehavior: dismiss and notify, webauthn:extension:cmtgKey: true, webauthn:extension:credBlob: true, webauthn:extension:largeBlob: true, webauthn:extension:minPinLength: true, webauthn:extension:prf: true, webauthn:virtualAuthenticators: true}
Session ID: 47f34d516994d09ee6e792d0623a2b78
	at org.openqa.selenium.support.ui.WebDriverWait.timeoutException(WebDriverWait.java:84)
	at org.openqa.selenium.support.ui.FluentWait.until(FluentWait.java:228)
	at com.cura.pages.BasePage.click(BasePage.java:19)
	at com.cura.pages.AppointmentPage.setReadmission(AppointmentPage.java:29)
	at com.cura.tests.CuraAppointmentTest.dataDrivenAppointmentTest(CuraAppointmentTest.java:59)
	at java.base/jdk.internal.reflect.NativeMethodAccessorImpl.invoke0(Native Method)
	at java.base/jdk.internal.reflect.NativeMethodAccessorImpl.invoke(NativeMethodAccessorImpl.java:77)
	at java.base/jdk.internal.reflect.DelegatingMethodAccessorImpl.invoke(DelegatingMethodAccessorImpl.java:43)
	at java.base/java.lang.reflect.Method.invoke(Method.java:569)
	at org.testng.internal.invokers.MethodInvocationHelper.invokeMethod(MethodInvocationHelper.java:141)
	at org.testng.internal.invokers.TestInvoker.invokeMethod(TestInvoker.java:686)
	at org.testng.internal.invokers.TestInvoker.retryFailed(TestInvoker.java:269)
	at org.testng.internal.invokers.MethodRunner.runInSequence(MethodRunner.java:76)
	at org.testng.internal.invokers.TestInvoker$MethodInvocationAgent.invoke(TestInvoker.java:992)
	at org.testng.internal.invokers.TestInvoker.invokeTestMethods(TestInvoker.java:203)
	at org.testng.internal.invokers.TestMethodWorker.invokeTestMethods(TestMethodWorker.java:154)
	at org.testng.internal.invokers.TestMethodWorker.run(TestMethodWorker.java:134)
	at java.base/java.util.ArrayList.forEach(ArrayList.java:1511)
	at org.testng.TestRunner.privateRun(TestRunner.java:739)
	at org.testng.TestRunner.run(TestRunner.java:614)
	at org.testng.SuiteRunner.runTest(SuiteRunner.java:421)
	at org.testng.SuiteRunner.runSequentially(SuiteRunner.java:413)
	at org.testng.SuiteRunner.privateRun(SuiteRunner.java:373)
	at org.testng.SuiteRunner.run(SuiteRunner.java:312)
	at org.testng.SuiteRunnerWorker.runSuite(SuiteRunnerWorker.java:52)
	at org.testng.SuiteRunnerWorker.run(SuiteRunnerWorker.java:95)
	at org.testng.TestNG.runSuitesSequentially(TestNG.java:1274)
	at org.testng.TestNG.runSuitesLocally(TestNG.java:1208)
	at org.testng.TestNG.runSuites(TestNG.java:1112)
	at org.testng.TestNG.run(TestNG.java:1079)
	at org.apache.maven.surefire.testng.TestNGExecutor.run(TestNGExecutor.java:308)
	at org.apache.maven.surefire.testng.TestNGXmlTestSuite.execute(TestNGXmlTestSuite.java:71)
	at org.apache.maven.surefire.testng.TestNGProvider.invoke(TestNGProvider.java:113)
	at org.apache.maven.surefire.booter.ForkedBooter.runSuitesInProcess(ForkedBooter.java:385)
	at org.apache.maven.surefire.booter.ForkedBooter.execute(ForkedBooter.java:162)
	at org.apache.maven.surefire.booter.ForkedBooter.run(ForkedBooter.java:507)
	at org.apache.maven.surefire.booter.ForkedBooter.main(ForkedBooter.java:495)
2026-09-30 12:09:31 ERROR io.qameta.allure.AllureLifecycle - Could not add attachment: no test is running
2026-09-30 12:09:31 ERROR io.qameta.allure.AllureLifecycle - Could not add attachment: no test is running
2026-09-30 12:09:31 INFO  i.g.bonigarcia.wdm.WebDriverManager - Using chromedriver 154.0.8037.92 (resolved driver for Chrome 154)
2026-09-30 12:09:31 INFO  i.g.bonigarcia.wdm.WebDriverManager - Exporting webdriver.chrome.driver as C:\Users\Helius\.cache\selenium\chromedriver\win64\154.0.8037.92\chromedriver.exe
2026-09-30 12:09:34 INFO  com.cura.listeners.TestListener - START: dataDrivenAppointmentTest
2026-09-30 12:09:37 INFO  com.cura.listeners.TestListener - PASS: dataDrivenAppointmentTest
2026-09-30 12:09:37 INFO  i.g.bonigarcia.wdm.WebDriverManager - Using chromedriver 154.0.8037.92 (resolved driver for Chrome 154)
2026-09-30 12:09:37 INFO  i.g.bonigarcia.wdm.WebDriverManager - Exporting webdriver.chrome.driver as C:\Users\Helius\.cache\selenium\chromedriver\win64\154.0.8037.92\chromedriver.exe
2026-09-30 12:09:40 INFO  com.cura.listeners.TestListener - START: dataDrivenAppointmentTest
2026-09-30 12:10:12 INFO  i.g.bonigarcia.wdm.WebDriverManager - Using chromedriver 154.0.8037.92 (resolved driver for Chrome 154)
2026-09-30 12:10:12 INFO  i.g.bonigarcia.wdm.WebDriverManager - Exporting webdriver.chrome.driver as C:\Users\Helius\.cache\selenium\chromedriver\win64\154.0.8037.92\chromedriver.exe
2026-09-30 12:10:15 INFO  com.cura.listeners.TestListener - START: dataDrivenAppointmentTest
2026-09-30 12:10:46 INFO  i.g.bonigarcia.wdm.WebDriverManager - Using chromedriver 154.0.8037.92 (resolved driver for Chrome 154)
2026-09-30 12:10:46 INFO  i.g.bonigarcia.wdm.WebDriverManager - Exporting webdriver.chrome.driver as C:\Users\Helius\.cache\selenium\chromedriver\win64\154.0.8037.92\chromedriver.exe
2026-09-30 12:10:49 INFO  com.cura.listeners.TestListener - START: dataDrivenAppointmentTest
2026-09-30 12:11:21 ERROR com.cura.listeners.TestListener - FAIL: dataDrivenAppointmentTest
org.openqa.selenium.TimeoutException: Expected condition failed: waiting for element to be clickable: By.cssSelector: input[name='hospital_readmission'][value='No'] (tried for 30 second(s) with 500 milliseconds interval)
Build info: version: '4.25.0', revision: '8a8aea2337'
System info: os.name: 'Windows 11', os.arch: 'amd64', os.version: '10.0', java.version: '17.0.20.1'
Driver info: org.openqa.selenium.chrome.ChromeDriver
Capabilities {acceptInsecureCerts: false, browserName: chrome, browserVersion: 154.0.8037.59, chrome: {chromedriverVersion: 154.0.8037.92 (334b65d254cc..., userDataDir: C:\Users\Helius\AppData\Loc...}, fedcm:accounts: true, goog:chromeOptions: {debuggerAddress: localhost:56213}, goog:processID: 20212, networkConnectionEnabled: false, pageLoadStrategy: normal, platformName: windows, proxy: Proxy(), se:cdp: ws://localhost:56213/devtoo..., se:cdpVersion: 154.0.8037.59, setWindowRect: true, strictFileInteractability: false, timeouts: {implicit: 0, pageLoad: 300000, script: 30000}, unhandledPromptBehavior: dismiss and notify, webauthn:extension:cmtgKey: true, webauthn:extension:credBlob: true, webauthn:extension:largeBlob: true, webauthn:extension:minPinLength: true, webauthn:extension:prf: true, webauthn:virtualAuthenticators: true}
Session ID: 45bed3e1945425debb4ea287288ba164
	at org.openqa.selenium.support.ui.WebDriverWait.timeoutException(WebDriverWait.java:84)
	at org.openqa.selenium.support.ui.FluentWait.until(FluentWait.java:228)
	at com.cura.pages.BasePage.click(BasePage.java:19)
	at com.cura.pages.AppointmentPage.setReadmission(AppointmentPage.java:29)
	at com.cura.tests.CuraAppointmentTest.dataDrivenAppointmentTest(CuraAppointmentTest.java:59)
	at java.base/jdk.internal.reflect.NativeMethodAccessorImpl.invoke0(Native Method)
	at java.base/jdk.internal.reflect.NativeMethodAccessorImpl.invoke(NativeMethodAccessorImpl.java:77)
	at java.base/jdk.internal.reflect.DelegatingMethodAccessorImpl.invoke(DelegatingMethodAccessorImpl.java:43)
	at java.base/java.lang.reflect.Method.invoke(Method.java:569)
	at org.testng.internal.invokers.MethodInvocationHelper.invokeMethod(MethodInvocationHelper.java:141)
	at org.testng.internal.invokers.TestInvoker.invokeMethod(TestInvoker.java:686)
	at org.testng.internal.invokers.TestInvoker.retryFailed(TestInvoker.java:269)
	at org.testng.internal.invokers.MethodRunner.runInSequence(MethodRunner.java:76)
	at org.testng.internal.invokers.TestInvoker$MethodInvocationAgent.invoke(TestInvoker.java:992)
	at org.testng.internal.invokers.TestInvoker.invokeTestMethods(TestInvoker.java:203)
	at org.testng.internal.invokers.TestMethodWorker.invokeTestMethods(TestMethodWorker.java:154)
	at org.testng.internal.invokers.TestMethodWorker.run(TestMethodWorker.java:134)
	at java.base/java.util.ArrayList.forEach(ArrayList.java:1511)
	at org.testng.TestRunner.privateRun(TestRunner.java:739)
	at org.testng.TestRunner.run(TestRunner.java:614)
	at org.testng.SuiteRunner.runTest(SuiteRunner.java:421)
	at org.testng.SuiteRunner.runSequentially(SuiteRunner.java:413)
	at org.testng.SuiteRunner.privateRun(SuiteRunner.java:373)
	at org.testng.SuiteRunner.run(SuiteRunner.java:312)
	at org.testng.SuiteRunnerWorker.runSuite(SuiteRunnerWorker.java:52)
	at org.testng.SuiteRunnerWorker.run(SuiteRunnerWorker.java:95)
	at org.testng.TestNG.runSuitesSequentially(TestNG.java:1274)
	at org.testng.TestNG.runSuitesLocally(TestNG.java:1208)
	at org.testng.TestNG.runSuites(TestNG.java:1112)
	at org.testng.TestNG.run(TestNG.java:1079)
	at org.apache.maven.surefire.testng.TestNGExecutor.run(TestNGExecutor.java:308)
	at org.apache.maven.surefire.testng.TestNGXmlTestSuite.execute(TestNGXmlTestSuite.java:71)
	at org.apache.maven.surefire.testng.TestNGProvider.invoke(TestNGProvider.java:113)
	at org.apache.maven.surefire.booter.ForkedBooter.runSuitesInProcess(ForkedBooter.java:385)
	at org.apache.maven.surefire.booter.ForkedBooter.execute(ForkedBooter.java:162)
	at org.apache.maven.surefire.booter.ForkedBooter.run(ForkedBooter.java:507)
	at org.apache.maven.surefire.booter.ForkedBooter.main(ForkedBooter.java:495)
2026-09-30 12:11:21 ERROR io.qameta.allure.AllureLifecycle - Could not add attachment: no test is running
2026-09-30 12:11:21 ERROR io.qameta.allure.AllureLifecycle - Could not add attachment: no test is running
2026-09-30 12:11:21 INFO  i.g.bonigarcia.wdm.WebDriverManager - Using chromedriver 154.0.8037.92 (resolved driver for Chrome 154)
2026-09-30 12:11:21 INFO  i.g.bonigarcia.wdm.WebDriverManager - Exporting webdriver.chrome.driver as C:\Users\Helius\.cache\selenium\chromedriver\win64\154.0.8037.92\chromedriver.exe
2026-09-30 12:11:25 INFO  com.cura.listeners.TestListener - START: parameterizedAppointmentTest
2026-09-30 12:11:57 INFO  i.g.bonigarcia.wdm.WebDriverManager - Using chromedriver 154.0.8037.92 (resolved driver for Chrome 154)
2026-09-30 12:11:57 INFO  i.g.bonigarcia.wdm.WebDriverManager - Exporting webdriver.chrome.driver as C:\Users\Helius\.cache\selenium\chromedriver\win64\154.0.8037.92\chromedriver.exe
2026-09-30 12:12:00 INFO  com.cura.listeners.TestListener - START: parameterizedAppointmentTest
2026-09-30 12:12:31 INFO  i.g.bonigarcia.wdm.WebDriverManager - Using chromedriver 154.0.8037.92 (resolved driver for Chrome 154)
2026-09-30 12:12:31 INFO  i.g.bonigarcia.wdm.WebDriverManager - Exporting webdriver.chrome.driver as C:\Users\Helius\.cache\selenium\chromedriver\win64\154.0.8037.92\chromedriver.exe
2026-09-30 12:12:34 INFO  com.cura.listeners.TestListener - START: parameterizedAppointmentTest
2026-09-30 12:13:06 ERROR com.cura.listeners.TestListener - FAIL: parameterizedAppointmentTest
org.openqa.selenium.TimeoutException: Expected condition failed: waiting for element to be clickable: By.cssSelector: input[name='hospital_readmission'][value='No'] (tried for 30 second(s) with 500 milliseconds interval)
Build info: version: '4.25.0', revision: '8a8aea2337'
System info: os.name: 'Windows 11', os.arch: 'amd64', os.version: '10.0', java.version: '17.0.20.1'
Driver info: org.openqa.selenium.chrome.ChromeDriver
Capabilities {acceptInsecureCerts: false, browserName: chrome, browserVersion: 154.0.8037.59, chrome: {chromedriverVersion: 154.0.8037.92 (334b65d254cc..., userDataDir: C:\Users\Helius\AppData\Loc...}, fedcm:accounts: true, goog:chromeOptions: {debuggerAddress: localhost:51553}, goog:processID: 24904, networkConnectionEnabled: false, pageLoadStrategy: normal, platformName: windows, proxy: Proxy(), se:cdp: ws://localhost:51553/devtoo..., se:cdpVersion: 154.0.8037.59, setWindowRect: true, strictFileInteractability: false, timeouts: {implicit: 0, pageLoad: 300000, script: 30000}, unhandledPromptBehavior: dismiss and notify, webauthn:extension:cmtgKey: true, webauthn:extension:credBlob: true, webauthn:extension:largeBlob: true, webauthn:extension:minPinLength: true, webauthn:extension:prf: true, webauthn:virtualAuthenticators: true}
Session ID: 6a218301f015846583dcd256f91a4b16
	at org.openqa.selenium.support.ui.WebDriverWait.timeoutException(WebDriverWait.java:84)
	at org.openqa.selenium.support.ui.FluentWait.until(FluentWait.java:228)
	at com.cura.pages.BasePage.click(BasePage.java:19)
	at com.cura.pages.AppointmentPage.setReadmission(AppointmentPage.java:29)
	at com.cura.tests.CuraAppointmentTest.parameterizedAppointmentTest(CuraAppointmentTest.java:30)
	at java.base/jdk.internal.reflect.NativeMethodAccessorImpl.invoke0(Native Method)
	at java.base/jdk.internal.reflect.NativeMethodAccessorImpl.invoke(NativeMethodAccessorImpl.java:77)
	at java.base/jdk.internal.reflect.DelegatingMethodAccessorImpl.invoke(DelegatingMethodAccessorImpl.java:43)
	at java.base/java.lang.reflect.Method.invoke(Method.java:569)
	at org.testng.internal.invokers.MethodInvocationHelper.invokeMethod(MethodInvocationHelper.java:141)
	at org.testng.internal.invokers.TestInvoker.invokeMethod(TestInvoker.java:686)
	at org.testng.internal.invokers.TestInvoker.retryFailed(TestInvoker.java:269)
	at org.testng.internal.invokers.MethodRunner.runInSequence(MethodRunner.java:76)
	at org.testng.internal.invokers.TestInvoker$MethodInvocationAgent.invoke(TestInvoker.java:992)
	at org.testng.internal.invokers.TestInvoker.invokeTestMethods(TestInvoker.java:203)
	at org.testng.internal.invokers.TestMethodWorker.invokeTestMethods(TestMethodWorker.java:154)
	at org.testng.internal.invokers.TestMethodWorker.run(TestMethodWorker.java:134)
	at java.base/java.util.ArrayList.forEach(ArrayList.java:1511)
	at org.testng.TestRunner.privateRun(TestRunner.java:739)
	at org.testng.TestRunner.run(TestRunner.java:614)
	at org.testng.SuiteRunner.runTest(SuiteRunner.java:421)
	at org.testng.SuiteRunner.runSequentially(SuiteRunner.java:413)
	at org.testng.SuiteRunner.privateRun(SuiteRunner.java:373)
	at org.testng.SuiteRunner.run(SuiteRunner.java:312)
	at org.testng.SuiteRunnerWorker.runSuite(SuiteRunnerWorker.java:52)
	at org.testng.SuiteRunnerWorker.run(SuiteRunnerWorker.java:95)
	at org.testng.TestNG.runSuitesSequentially(TestNG.java:1274)
	at org.testng.TestNG.runSuitesLocally(TestNG.java:1208)
	at org.testng.TestNG.runSuites(TestNG.java:1112)
	at org.testng.TestNG.run(TestNG.java:1079)
	at org.apache.maven.surefire.testng.TestNGExecutor.run(TestNGExecutor.java:308)
	at org.apache.maven.surefire.testng.TestNGXmlTestSuite.execute(TestNGXmlTestSuite.java:71)
	at org.apache.maven.surefire.testng.TestNGProvider.invoke(TestNGProvider.java:113)
	at org.apache.maven.surefire.booter.ForkedBooter.runSuitesInProcess(ForkedBooter.java:385)
	at org.apache.maven.surefire.booter.ForkedBooter.execute(ForkedBooter.java:162)
	at org.apache.maven.surefire.booter.ForkedBooter.run(ForkedBooter.java:507)
	at org.apache.maven.surefire.booter.ForkedBooter.main(ForkedBooter.java:495)
2026-09-30 12:13:06 ERROR io.qameta.allure.AllureLifecycle - Could not add attachment: no test is running
2026-09-30 12:13:06 ERROR io.qameta.allure.AllureLifecycle - Could not add attachment: no test is running
2026-09-30 12:24:15 INFO  i.g.bonigarcia.wdm.WebDriverManager - Using chromedriver 154.0.8037.92 (resolved driver for Chrome 154)
2026-09-30 12:24:15 INFO  i.g.bonigarcia.wdm.WebDriverManager - Exporting webdriver.chrome.driver as C:\Users\Helius\.cache\selenium\chromedriver\win64\154.0.8037.92\chromedriver.exe
2026-09-30 12:24:19 INFO  com.cura.listeners.TestListener - START: dataDrivenAppointmentTest
2026-09-30 12:24:21 INFO  com.cura.listeners.TestListener - PASS: dataDrivenAppointmentTest
2026-09-30 12:24:21 INFO  i.g.bonigarcia.wdm.WebDriverManager - Using chromedriver 154.0.8037.92 (resolved driver for Chrome 154)
2026-09-30 12:24:21 INFO  i.g.bonigarcia.wdm.WebDriverManager - Exporting webdriver.chrome.driver as C:\Users\Helius\.cache\selenium\chromedriver\win64\154.0.8037.92\chromedriver.exe
2026-09-30 12:24:24 INFO  com.cura.listeners.TestListener - START: dataDrivenAppointmentTest
2026-09-30 12:24:26 INFO  com.cura.listeners.TestListener - PASS: dataDrivenAppointmentTest
2026-09-30 12:24:26 INFO  i.g.bonigarcia.wdm.WebDriverManager - Using chromedriver 154.0.8037.92 (resolved driver for Chrome 154)
2026-09-30 12:24:26 INFO  i.g.bonigarcia.wdm.WebDriverManager - Exporting webdriver.chrome.driver as C:\Users\Helius\.cache\selenium\chromedriver\win64\154.0.8037.92\chromedriver.exe
2026-09-30 12:24:29 INFO  com.cura.listeners.TestListener - START: dataDrivenAppointmentTest
2026-09-30 12:24:32 INFO  com.cura.listeners.TestListener - PASS: dataDrivenAppointmentTest
2026-09-30 12:24:32 INFO  i.g.bonigarcia.wdm.WebDriverManager - Using chromedriver 154.0.8037.92 (resolved driver for Chrome 154)
2026-09-30 12:24:32 INFO  i.g.bonigarcia.wdm.WebDriverManager - Exporting webdriver.chrome.driver as C:\Users\Helius\.cache\selenium\chromedriver\win64\154.0.8037.92\chromedriver.exe
2026-09-30 12:24:35 INFO  com.cura.listeners.TestListener - START: parameterizedAppointmentTest
2026-09-30 12:24:37 INFO  com.cura.listeners.TestListener - PASS: parameterizedAppointmentTest
